,0,1,2,3,4,5,NMR_Peaks,Is In Ring,Is In Ring,IsInLinear
7_COOH_2,['C'],"['C', 'F', 'C']","['C', 'F', 'F', 'F', 'F', 'F']","['O', 'O']",['H'],[],-127.39,0,,-127.39
7_COOH_3,['C'],"['C', 'F', 'C']","['C', 'F', 'F', 'F', 'F', 'C']","['O', 'O', 'F', 'F', 'F']",['H'],[],-123.99,0,,-123.99
10_COOH_3,['C'],"['C', 'F', 'C']","['C', 'F', 'F', 'F', 'F', 'F']","['C', 'F', 'F']","['O', 'O']",['H'],-126.26,0,,-126.26
7_COOH_4,['C'],"['C', 'F', 'C']","['C', 'F', 'F', 'F', 'F', 'C']","['O', 'O', 'F', 'F', 'C']","['H', 'F', 'F', 'F']",[],-122.87,0,,-122.87
10_COOH_4,['C'],"['C', 'F', 'C']","['C', 'F', 'F', 'F', 'F', 'C']","['C', 'F', 'F', 'F', 'F', 'F']","['O', 'O']",['H'],-123.25,0,,-123.25
13_COOH_4,['C'],"['C', 'F', 'C']","['C', 'F', 'F', 'F', 'F', 'F']","['C', 'F', 'F']","['C', 'F', 'F']","['O', 'O']",-126.44,0,,-126.44
7_COOH_5,['C'],"['C', 'F', 'C']","['C', 'F', 'F', 'F', 'F', 'C']","['O', 'O', 'F', 'F', 'C']","['H', 'F', 'F', 'C']","['F', 'F', 'F']",-122.01,0,,-122.01
10_COOH_5,['C'],"['C', 'F', 'C']","['C', 'F', 'F', 'F', 'F', 'C']","['C', 'F', 'F', 'F', 'F', 'C']","['O', 'O', 'F', 'F', 'F']",['H'],-122.99,0,,-122.99
13_COOH_5,['C'],"['C', 'F', 'C']","['C', 'F', 'F', 'F', 'F', 'C']","['C', 'F', 'F', 'F', 'F', 'F']","['C', 'F', 'F']","['O', 'O']",-122.99,0,,-122.99
16_COOH_5,['C'],"['C', 'F', 'C']","['C', 'F', 'F', 'F', 'F', 'F']","['C', 'F', 'F']","['C', 'F', 'F']","['C', 'F', 'F']",-126.29,0,,-126.29
7_COOH_6,['C'],"['C', 'F', 'C']","['C', 'F', 'F', 'F', 'F', 'C']","['O', 'O', 'F', 'F', 'C']","['H', 'F', 'F', 'C']","['F', 'F', 'C']",-121.84,0,,-121.84
10_COOH_6,['C'],"['C', 'F', 'C']","['C', 'F', 'F', 'F', 'F', 'C']","['C', 'F', 'F', 'F', 'F', 'C']","['O', 'O', 'F', 'F', 'C']","['H', 'F', 'F', 'F']",-122.19,0,,-122.19
13_COOH_6,['C'],"['C', 'F', 'C']","['C', 'F', 'F', 'F', 'F', 'C']","['C', 'F', 'F', 'F', 'F', 'C']","['C', 'F', 'F', 'F', 'F', 'F']","['O', 'O']",-122.88,0,,-122.88
16_COOH_6,['C'],"['C', 'F', 'C']","['C', 'F', 'F', 'F', 'F', 'C']","['C', 'F', 'F', 'F', 'F', 'F']","['C', 'F', 'F']","['C', 'F', 'F']",-123,0,,-123
19_COOH_6,['C'],"['C', 'F', 'C']","['C', 'F', 'F', 'F', 'F', 'F']","['C', 'F', 'F']","['C', 'F', 'F']","['C', 'F', 'F']",-126.27,0,,-126.27
7_COOH_7,['C'],"['C', 'F', 'C']","['C', 'F', 'F', 'F', 'F', 'C']","['O', 'O', 'F', 'F', 'C']","['H', 'F', 'F', 'C']","['F', 'F', 'C']",-121.81,0,,-121.81
10_COOH_7,['C'],"['C', 'F', 'C']","['C', 'F', 'F', 'F', 'F', 'C']","['C', 'F', 'F', 'F', 'F', 'C']","['O', 'O', 'F', 'F', 'C']","['H', 'F', 'F', 'C']",-122.04,0,,-122.04
13_COOH_7,['C'],"['C', 'F', 'C']","['C', 'F', 'F', 'F', 'F', 'C']","['C', 'F', 'F', 'F', 'F', 'C']","['C', 'F', 'F', 'F', 'F', 'C']","['O', 'O', 'F', 'F', 'F']",-122.04,0,,-122.04
16_COOH_7,['C'],"['C', 'F', 'C']","['C', 'F', 'F', 'F', 'F', 'C']","['C', 'F', 'F', 'F', 'F', 'C']","['C', 'F', 'F', 'F', 'F', 'F']","['C', 'F', 'F']",-122.85,0,,-122.85
19_COOH_7,['C'],"['C', 'F', 'C']","['C', 'F', 'F', 'F', 'F', 'C']","['C', 'F', 'F', 'F', 'F', 'F']","['C', 'F', 'F']","['C', 'F', 'F']",-122.98,0,,-122.98
22_COOH_7,['C'],"['C', 'F', 'C']","['C', 'F', 'F', 'F', 'F', 'F']","['C', 'F', 'F']","['C', 'F', 'F']","['C', 'F', 'F']",-126.26,0,,-126.26
7_COOH_8,['C'],"['C', 'F', 'C']","['C', 'F', 'F', 'F', 'F', 'C']","['O', 'O', 'F', 'F', 'C']","['H', 'F', 'F', 'C']","['F', 'F', 'C']",-121.89,0,,-121.89
10_COOH_8,['C'],"['C', 'F', 'C']","['C', 'F', 'F', 'F', 'F', 'C']","['C', 'F', 'F', 'F', 'F', 'C']","['O', 'O', 'F', 'F', 'C']","['H', 'F', 'F', 'C']",-121.89,0,,-121.89
13_COOH_8,['C'],"['C', 'F', 'C']","['C', 'F', 'F', 'F', 'F', 'C']","['C', 'F', 'F', 'F', 'F', 'C']","['C', 'F', 'F', 'F', 'F', 'C']","['O', 'O', 'F', 'F', 'C']",-121.89,0,,-121.89
16_COOH_8,['C'],"['C', 'F', 'C']","['C', 'F', 'F', 'F', 'F', 'C']","['C', 'F', 'F', 'F', 'F', 'C']","['C', 'F', 'F', 'F', 'F', 'C']","['C', 'F', 'F', 'F', 'F', 'C']",-121.89,0,,-121.89
22_COOH_8,['C'],"['C', 'F', 'C']","['C', 'F', 'F', 'F', 'F', 'C']","['C', 'F', 'F', 'F', 'F', 'C']","['C', 'F', 'F', 'F', 'F', 'C']","['C', 'F', 'F', 'F', 'F', 'F']",-122.83,0,,-122.83
25_COOH_8,['C'],"['C', 'F', 'C']","['C', 'F', 'F', 'F', 'F', 'C']","['C', 'F', 'F', 'F', 'F', 'C']","['C', 'F', 'F', 'F', 'F', 'F']","['C', 'F', 'F']",-122.83,0,,-122.83
28_COOH_8,['C'],"['C', 'F', 'C']","['C', 'F', 'F', 'F', 'F', 'C']","['C', 'F', 'F', 'F', 'F', 'F']","['C', 'F', 'F']","['C', 'F', 'F']",-122.99,0,,-122.99
31_COOH_8,['C'],"['C', 'F', 'C']","['C', 'F', 'F', 'F', 'F', 'F']","['C', 'F', 'F']","['C', 'F', 'F']","['C', 'F', 'F']",-126.26,0,,-126.26
7_COOH_9,['C'],"['C', 'F', 'C']","['C', 'F', 'F', 'F', 'F', 'C']","['O', 'O', 'F', 'F', 'C']","['H', 'F', 'F', 'C']","['F', 'F', 'C']",-121.74,0,,-121.74
10_COOH_9,['C'],"['C', 'F', 'C']","['C', 'F', 'F', 'F', 'F', 'C']","['C', 'F', 'F', 'F', 'F', 'C']","['O', 'O', 'F', 'F', 'C']","['H', 'F', 'F', 'C']",-121.74,0,,-121.74
13_COOH_9,['C'],"['C', 'F', 'C']","['C', 'F', 'F', 'F', 'F', 'C']","['C', 'F', 'F', 'F', 'F', 'C']","['C', 'F', 'F', 'F', 'F', 'C']","['O', 'O', 'F', 'F', 'C']",-121.74,0,,-121.74
16_COOH_9,['C'],"['C', 'F', 'C']","['C', 'F', 'F', 'F', 'F', 'C']","['C', 'F', 'F', 'F', 'F', 'C']","['C', 'F', 'F', 'F', 'F', 'C']","['C', 'F', 'F', 'F', 'F', 'C']",-121.74,0,,-121.74
28_COOH_9,['C'],"['C', 'F', 'C']","['C', 'F', 'F', 'F', 'F', 'C']","['C', 'F', 'F', 'F', 'F', 'C']","['C', 'F', 'F', 'F', 'F', 'C']","['C', 'F', 'F', 'F', 'F', 'F']",-121.74,0,,-121.74
31_COOH_9,['C'],"['C', 'F', 'C']","['C', 'F', 'F', 'F', 'F', 'C']","['C', 'F', 'F', 'F', 'F', 'C']","['C', 'F', 'F', 'F', 'F', 'F']","['C', 'F', 'F']",-122.81,0,,-122.81
34_COOH_9,['C'],"['C', 'F', 'C']","['C', 'F', 'F', 'F', 'F', 'C']","['C', 'F', 'F', 'F', 'F', 'F']","['C', 'F', 'F']","['C', 'F', 'F']",-122.98,0,,-122.98
37_COOH_9,['C'],"['C', 'F', 'C']","['C', 'F', 'F', 'F', 'F', 'F']","['C', 'F', 'F']","['C', 'F', 'F']","['C', 'F', 'F']",-126.22,0,,-126.22
7_COOH_10,['C'],"['C', 'F', 'C']","['C', 'F', 'F', 'F', 'F', 'C']","['O', 'O', 'F', 'F', 'C']","['H', 'O', 'O']",['H'],-123.04,0,,-123.04
10_COOH_10,['C'],"['C', 'F', 'C']","['C', 'F', 'F', 'F', 'F', 'C']","['C', 'F', 'F', 'O', 'O']","['O', 'O', 'H']",['H'],-123.04,0,,-123.04
13_COOH_11,['C'],"['C', 'C', 'F']","['C', 'F', 'F', 'C', 'F', 'F']","['C', 'F', 'F', 'O', 'O']","['C', 'F', 'F', 'H']","['C', 'F', 'F']",-123.11,0,,-123.11
17_COOH_11,['C'],"['C', 'C', 'F']","['C', 'F', 'F', 'C', 'F', 'F']","['C', 'F', 'F', 'C', 'F', 'F']","['O', 'O', 'C', 'F', 'F']","['H', 'O', 'O']",-121.93,0,,-121.93
19_COOH_11,['C'],"['C', 'C', 'F']","['C', 'F', 'F', 'C', 'F', 'F']","['O', 'O', 'C', 'F', 'F']","['H', 'C', 'F', 'F']","['C', 'F', 'F']",-119.24,0,,-119.24
7_COOH_12,['C'],"['C', 'F', 'C']","['C', 'F', 'F', 'F', 'F', 'C']","['O', 'O', 'F', 'F', 'C']","['H', 'F', 'F', 'C']","['F', 'F', 'C']",-121.86,0,,-121.86
10_COOH_12,['C'],"['C', 'F', 'C']","['C', 'F', 'F', 'F', 'F', 'C']","['C', 'F', 'F', 'F', 'F', 'C']","['O', 'O', 'F', 'F', 'C']","['H', 'F', 'F', 'C']",-122.11,0,,-122.11
13_COOH_12,['C'],"['C', 'F', 'C']","['C', 'F', 'F', 'F', 'F', 'C']","['C', 'F', 'F', 'F', 'F', 'C']","['C', 'F', 'F', 'F', 'F', 'C']","['O', 'O', 'O', 'O']",-123,0,,-123
16_COOH_12,['C'],"['C', 'F', 'C']","['C', 'F', 'F', 'F', 'F', 'C']","['C', 'F', 'F', 'F', 'F', 'C']","['C', 'F', 'F', 'O', 'O']","['C', 'F', 'F', 'H']",-122.11,0,,-122.11
19_COOH_12,['C'],"['C', 'F', 'C']","['C', 'F', 'F', 'F', 'F', 'C']","['C', 'F', 'F', 'O', 'O']","['C', 'F', 'F', 'H']","['C', 'F', 'F']",-121.86,0,,-121.86
8_COOH_13,['C'],"['C', 'F', 'C']","['C', 'F', 'F', 'F', 'F', 'C']","['C', 'H', 'H', 'F', 'F', 'F']","['O', 'O']",['H'],-124.14,0,,-124.14
11_COOH_13,['C'],"['C', 'F', 'C']","['C', 'F', 'F', 'F', 'F', 'F']","['C', 'F', 'F']","['C', 'H', 'H']","['O', 'O']",-126.12,0,,-126.12
8_COOH_14,['C'],"['C', 'F', 'C']","['C', 'F', 'F', 'F', 'F', 'C']","['C', 'H', 'H', 'F', 'F', 'C']","['O', 'O', 'F', 'F', 'C']","['H', 'F', 'F', 'F']",-121.95,0,,-121.95
11_COOH_14,['C'],"['C', 'F', 'C']","['C', 'F', 'F', 'F', 'F', 'C']","['C', 'F', 'F', 'F', 'F', 'C']","['C', 'H', 'H', 'F', 'F', 'F']","['O', 'O']",-122.97,0,,-122.97
14_COOH_14,['C'],"['C', 'F', 'C']","['C', 'F', 'F', 'F', 'F', 'C']","['C', 'F', 'F', 'F', 'F', 'F']","['C', 'F', 'F']","['C', 'H', 'H']",-123.17,0,,-123.17
17_COOH_14,['C'],"['C', 'F', 'C']","['C', 'F', 'F', 'F', 'F', 'F']","['C', 'F', 'F']","['C', 'F', 'F']","['C', 'F', 'F']",-126.27,0,,-126.27
8_COOH_15,['C'],"['C', 'F', 'C']","['C', 'F', 'F', 'F', 'F', 'C']","['C', 'H', 'H', 'F', 'F', 'C']","['O', 'O', 'F', 'F', 'C']","['H', 'F', 'F', 'C']",-121.73,0,,-121.73
11_COOH_15,['C'],"['C', 'F', 'C']","['C', 'F', 'F', 'F', 'F', 'C']","['C', 'F', 'F', 'F', 'F', 'C']","['C', 'H', 'H', 'F', 'F', 'C']","['O', 'O', 'F', 'F', 'C']",-122,0,,-122
14_COOH_15,['C'],"['C', 'F', 'C']","['C', 'F', 'F', 'F', 'F', 'C']","['C', 'F', 'F', 'F', 'F', 'C']","['C', 'F', 'F', 'F', 'F', 'C']","['C', 'H', 'H', 'F', 'F', 'F']",-122,0,,-122
17_COOH_15,['C'],"['C', 'F', 'C']","['C', 'F', 'F', 'F', 'F', 'C']","['C', 'F', 'F', 'F', 'F', 'C']","['C', 'F', 'F', 'F', 'F', 'F']","['C', 'F', 'F']",-122.82,0,,-122.82
20_COOH_15,['C'],"['C', 'F', 'C']","['C', 'F', 'F', 'F', 'F', 'C']","['C', 'F', 'F', 'F', 'F', 'F']","['C', 'F', 'F']","['C', 'F', 'F']",-123.11,0,,-123.11
23_COOH_15,['C'],"['C', 'F', 'C']","['C', 'F', 'F', 'F', 'F', 'F']","['C', 'F', 'F']","['C', 'F', 'F']","['C', 'F', 'F']",-126.23,0,,-126.23
10_COOH_16,['C'],"['C', 'F', 'C']","['C', 'F', 'F', 'F', 'F', 'F']","['C', 'F']","['C', 'H']","['O', 'O']",-127.28,0,,-127.28
10_COOH_17,['C'],"['C', 'F', 'C']","['C', 'F', 'F', 'F', 'F', 'C']","['C', 'F', 'F', 'F', 'C']","['C', 'H', 'F', 'F', 'F']","['O', 'O']",-122.91,0,,-122.91
13_COOH_17,['C'],"['C', 'F', 'C']","['C', 'F', 'F', 'F', 'F', 'C']","['C', 'F', 'F', 'F', 'F', 'F']","['C', 'F']","['C', 'H']",-123.05,0,,-123.05
16_COOH_17,['C'],"['C', 'F', 'C']","['C', 'F', 'F', 'F', 'F', 'F']","['C', 'F', 'F']","['C', 'F', 'F']","['C', 'F']",-126.33,0,,-126.33
10_COOH_18,['C'],"['C', 'F', 'C']","['C', 'F', 'F', 'F', 'F', 'C']","['C', 'F', 'F', 'F', 'C']","['C', 'H', 'F', 'F', 'C']","['O', 'O', 'F', 'F', 'C']",-121.9,0,,-121.9
13_COOH_18,['C'],"['C', 'F', 'C']","['C', 'F', 'F', 'F', 'F', 'C']","['C', 'F', 'F', 'F', 'F', 'C']","['C', 'F', 'F', 'F', 'C']","['C', 'H', 'F', 'F', 'F']",-122.09,0,,-122.09
16_COOH_18,['C'],"['C', 'F', 'C']","['C', 'F', 'F', 'F', 'F', 'C']","['C', 'F', 'F', 'F', 'F', 'C']","['C', 'F', 'F', 'F', 'F', 'F']","['C', 'F']",-122.82,0,,-122.82
19_COOH_18,['C'],"['C', 'F', 'C']","['C', 'F', 'F', 'F', 'F', 'C']","['C', 'F', 'F', 'F', 'F', 'F']","['C', 'F', 'F']","['C', 'F', 'F']",-122.82,0,,-122.82
22_COOH_18,['C'],"['C', 'F', 'C']","['C', 'F', 'F', 'F', 'F', 'F']","['C', 'F', 'F']","['C', 'F', 'F']","['C', 'F', 'F']",-126.24,0,,-126.24
10_COOH_19,['C'],"['C', 'F', 'C']","['C', 'F', 'F', 'F', 'F', 'C']","['C', 'F', 'F', 'F', 'C']","['C', 'H', 'F', 'F', 'C']","['O', 'O', 'F', 'F', 'C']",-121.88,0,,-121.88
13_COOH_19,['C'],"['C', 'F', 'C']","['C', 'F', 'F', 'F', 'F', 'C']","['C', 'F', 'F', 'F', 'F', 'C']","['C', 'F', 'F', 'F', 'C']","['C', 'H', 'F', 'F', 'C']",-121.88,0,,-121.88
16_COOH_19,['C'],"['C', 'F', 'C']","['C', 'F', 'F', 'F', 'F', 'C']","['C', 'F', 'F', 'F', 'F', 'C']","['C', 'F', 'F', 'F', 'F', 'C']","['C', 'F', 'F', 'F', 'C']",-121.88,0,,-121.88
19_COOH_19,['C'],"['C', 'F', 'C']","['C', 'F', 'F', 'F', 'F', 'C']","['C', 'F', 'F', 'F', 'F', 'C']","['C', 'F', 'F', 'F', 'F', 'C']","['C', 'F', 'F', 'F', 'F', 'F']",-121.88,0,,-121.88
22_COOH_19,['C'],"['C', 'F', 'C']","['C', 'F', 'F', 'F', 'F', 'C']","['C', 'F', 'F', 'F', 'F', 'C']","['C', 'F', 'F', 'F', 'F', 'F']","['C', 'F', 'F']",-122.79,0,,-122.79
25_COOH_19,['C'],"['C', 'F', 'C']","['C', 'F', 'F', 'F', 'F', 'C']","['C', 'F', 'F', 'F', 'F', 'F']","['C', 'F', 'F']","['C', 'F', 'F']",-122.79,0,,-122.79
28_COOH_19,['C'],"['C', 'F', 'C']","['C', 'F', 'F', 'F', 'F', 'F']","['C', 'F', 'F']","['C', 'F', 'F']","['C', 'F', 'F']",-126.24,0,,-126.24
7_COOH_20,['C'],"['C', 'F', 'C']","['C', 'F', 'F', 'F', 'F', 'C']","['O', 'O', 'F', 'F', 'C']","['H', 'F', 'F', 'C']","['F', 'F', 'H']",-122.09,0,,-122.09
10_COOH_20,['C'],"['C', 'F', 'C']","['C', 'F', 'F', 'F', 'F', 'C']","['C', 'F', 'F', 'F', 'F', 'C']","['O', 'O', 'F', 'F', 'H']",['H'],-123.12,0,,-123.12
13_COOH_20,['C'],"['C', 'F', 'C']","['C', 'F', 'F', 'F', 'F', 'C']","['C', 'F', 'F', 'F', 'F', 'H']","['C', 'F', 'F']","['O', 'O']",-123.67,0,,-123.67
16_COOH_20,['C'],"['C', 'F', 'C']","['C', 'F', 'F', 'F', 'F', 'H']","['C', 'F', 'F']","['C', 'F', 'F']","['C', 'F', 'F']",-129.73,0,,-129.73
7_COOH_21,['C'],"['C', 'F', 'C']","['C', 'F', 'F', 'F', 'F', 'C']","['O', 'O', 'F', 'F', 'C']","['H', 'F', 'F', 'C']","['F', 'F', 'C']",-121.9,0,,-121.9
10_COOH_21,['C'],"['C', 'F', 'C']","['C', 'F', 'F', 'F', 'F', 'C']","['C', 'F', 'F', 'F', 'F', 'C']","['O', 'O', 'F', 'F', 'C']","['H', 'F', 'F', 'H']",-122.24,0,,-122.24
13_COOH_21,['C'],"['C', 'F', 'C']","['C', 'F', 'F', 'F', 'F', 'C']","['C', 'F', 'F', 'F', 'F', 'C']","['C', 'F', 'F', 'F', 'F', 'H']","['O', 'O']",-123.02,0,,-123.02
16_COOH_21,['C'],"['C', 'F', 'C']","['C', 'F', 'F', 'F', 'F', 'C']","['C', 'F', 'F', 'F', 'F', 'H']","['C', 'F', 'F']","['C', 'F', 'F']",-123.52,0,,-123.52
19_COOH_21,['C'],"['C', 'F', 'C']","['C', 'F', 'F', 'F', 'F', 'H']","['C', 'F', 'F']","['C', 'F', 'F']","['C', 'F', 'F']",-129.59,0,,-129.59
7_COOH_22,['C'],"['C', 'F', 'C']","['C', 'F', 'F', 'F', 'F', 'C']","['O', 'O', 'F', 'F', 'C']","['H', 'F', 'F', 'C']","['F', 'F', 'C']",-121.82,0,,-121.82
10_COOH_22,['C'],"['C', 'F', 'C']","['C', 'F', 'F', 'F', 'F', 'C']","['C', 'F', 'F', 'F', 'F', 'C']","['O', 'O', 'F', 'F', 'C']","['H', 'F', 'F', 'C']",-122.1,0,,-122.1
13_COOH_22,['C'],"['C', 'F', 'C']","['C', 'F', 'F', 'F', 'F', 'C']","['C', 'F', 'F', 'F', 'F', 'C']","['C', 'F', 'F', 'F', 'F', 'C']","['O', 'O', 'F', 'F', 'H']",-122.1,0,,-122.1
16_COOH_22,['C'],"['C', 'F', 'C']","['C', 'F', 'F', 'F', 'F', 'C']","['C', 'F', 'F', 'F', 'F', 'C']","['C', 'F', 'F', 'F', 'F', 'H']","['C', 'F', 'F']",-123,0,,-123
19_COOH_22,['C'],"['C', 'F', 'C']","['C', 'F', 'F', 'F', 'F', 'C']","['C', 'F', 'F', 'F', 'F', 'H']","['C', 'F', 'F']","['C', 'F', 'F']",-123.48,0,,-123.48
22_COOH_22,['C'],"['C', 'F', 'C']","['C', 'F', 'F', 'F', 'F', 'H']","['C', 'F', 'F']","['C', 'F', 'F']","['C', 'F', 'F']",-129.49,0,,-129.49
12_acrylates_1,['C'],"['C', 'F', 'C']","['C', 'F', 'F', 'F', 'F', 'C']","['C', 'H', 'H', 'F', 'F', 'F']","['O', 'H', 'H']",['C'],-124.56,0,,-124.56
15_acrylates_1,['C'],"['C', 'F', 'C']","['C', 'F', 'F', 'F', 'F', 'F']","['C', 'F', 'F']","['C', 'H', 'H']","['O', 'H', 'H']",-126.06,0,,-126.06
11_acrylates_2,['C'],"['C', 'F', 'C']","['C', 'F', 'F', 'F', 'F', 'C']","['C', 'H', 'H', 'F', 'F', 'C']","['O', 'H', 'H', 'F', 'F', 'C']","['C', 'F', 'F', 'F']",-121.91,0,,-121.91
14_acrylates_2,['C'],"['C', 'F', 'C']","['C', 'F', 'F', 'F', 'F', 'C']","['C', 'F', 'F', 'F', 'F', 'C']","['C', 'H', 'H', 'F', 'F', 'F']","['O', 'H', 'H']",-122.91,0,,-122.91
17_acrylates_2,['C'],"['C', 'F', 'C']","['C', 'F', 'F', 'F', 'F', 'C']","['C', 'F', 'F', 'F', 'F', 'F']","['C', 'F', 'F']","['C', 'H', 'H']",-123.63,0,,-123.63
20_acrylates_2,['C'],"['C', 'F', 'C']","['C', 'F', 'F', 'F', 'F', 'F']","['C', 'F', 'F']","['C', 'F', 'F']","['C', 'F', 'F']",-126.23,0,,-126.23
11_acrylates_3,['C'],"['C', 'F', 'C']","['C', 'F', 'F', 'F', 'F', 'C']","['C', 'H', 'H', 'F', 'F', 'C']","['O', 'H', 'H', 'F', 'F', 'C']","['C', 'F', 'F', 'C']",-121.76,0,,-121.76
14_acrylates_3,['C'],"['C', 'F', 'C']","['C', 'F', 'F', 'F', 'F', 'C']","['C', 'F', 'F', 'F', 'F', 'C']","['C', 'H', 'H', 'F', 'F', 'C']","['O', 'H', 'H', 'F', 'F', 'C']",-122.01,0,,-122.01
17_acrylates_3,['C'],"['C', 'F', 'C']","['C', 'F', 'F', 'F', 'F', 'C']","['C', 'F', 'F', 'F', 'F', 'C']","['C', 'F', 'F', 'F', 'F', 'C']","['C', 'H', 'H', 'F', 'F', 'F']",-122.01,0,,-122.01
20_acrylates_3,['C'],"['C', 'F', 'C']","['C', 'F', 'F', 'F', 'F', 'C']","['C', 'F', 'F', 'F', 'F', 'C']","['C', 'F', 'F', 'F', 'F', 'F']","['C', 'F', 'F']",-122.82,0,,-122.82
23_acrylates_3,['C'],"['C', 'F', 'C']","['C', 'F', 'F', 'F', 'F', 'C']","['C', 'F', 'F', 'F', 'F', 'F']","['C', 'F', 'F']","['C', 'F', 'F']",-123.65,0,,-123.65
26_acrylates_3,['C'],"['C', 'F', 'C']","['C', 'F', 'F', 'F', 'F', 'F']","['C', 'F', 'F']","['C', 'F', 'F']","['C', 'F', 'F']",-126.24,0,,-126.24
11_acrylates_4,['C'],"['C', 'F', 'C']","['C', 'F', 'F', 'F', 'F', 'C']","['C', 'H', 'H', 'F', 'F', 'C']","['O', 'H', 'H', 'F', 'F', 'C']","['C', 'F', 'F', 'C']",-121.88,0,,-121.88
14_acrylates_4,['C'],"['C', 'F', 'C']","['C', 'F', 'F', 'F', 'F', 'C']","['C', 'F', 'F', 'F', 'F', 'C']","['C', 'H', 'H', 'F', 'F', 'C']","['O', 'H', 'H', 'F', 'F', 'C']",-121.88,0,,-121.88
17_acrylates_4,['C'],"['C', 'F', 'C']","['C', 'F', 'F', 'F', 'F', 'C']","['C', 'F', 'F', 'F', 'F', 'C']","['C', 'F', 'F', 'F', 'F', 'C']","['C', 'H', 'H', 'F', 'F', 'C']",-121.88,0,,-121.88
20_acrylates_4,['C'],"['C', 'F', 'C']","['C', 'F', 'F', 'F', 'F', 'C']","['C', 'F', 'F', 'F', 'F', 'C']","['C', 'F', 'F', 'F', 'F', 'C']","['C', 'F', 'F', 'F', 'F', 'C']",-121.88,0,,-121.88
23_acrylates_4,['C'],"['C', 'F', 'C']","['C', 'F', 'F', 'F', 'F', 'C']","['C', 'F', 'F', 'F', 'F', 'C']","['C', 'F', 'F', 'F', 'F', 'C']","['C', 'F', 'F', 'F', 'F', 'F']",-121.88,0,,-121.88
26_acrylates_4,['C'],"['C', 'F', 'C']","['C', 'F', 'F', 'F', 'F', 'C']","['C', 'F', 'F', 'F', 'F', 'C']","['C', 'F', 'F', 'F', 'F', 'F']","['C', 'F', 'F']",-122.8,0,,-122.8
29_acrylates_4,['C'],"['C', 'F', 'C']","['C', 'F', 'F', 'F', 'F', 'C']","['C', 'F', 'F', 'F', 'F', 'F']","['C', 'F', 'F']","['C', 'F', 'F']",-123.65,0,,-123.65
32_acrylates_4,['C'],"['C', 'F', 'C']","['C', 'F', 'F', 'F', 'F', 'F']","['C', 'F', 'F']","['C', 'F', 'F']","['C', 'F', 'F']",-126.23,0,,-126.23
12_acrylates_5,['C'],"['C', 'F', 'C']","['C', 'F', 'F', 'F', 'F', 'C']","['C', 'H', 'H', 'F', 'F', 'F']","['O', 'H', 'H']",['C'],-124.56,0,,-124.56
15_acrylates_5,['C'],"['C', 'F', 'C']","['C', 'F', 'F', 'F', 'F', 'F']","['C', 'F', 'F']","['C', 'H', 'H']","['O', 'H', 'H']",-126.07,0,,-126.07
12_acrylates_6,['C'],"['C', 'F', 'C']","['C', 'F', 'F', 'F', 'F', 'C']","['C', 'H', 'H', 'F', 'F', 'C']","['O', 'H', 'H', 'F', 'F', 'C']","['C', 'F', 'F', 'C']",-121.7,0,,-121.7
15_acrylates_6,['C'],"['C', 'F', 'C']","['C', 'F', 'F', 'F', 'F', 'C']","['C', 'F', 'F', 'F', 'F', 'C']","['C', 'H', 'H', 'F', 'F', 'C']","['O', 'H', 'H', 'F', 'F', 'C']",-121.97,0,,-121.97
18_acrylates_6,['C'],"['C', 'F', 'C']","['C', 'F', 'F', 'F', 'F', 'C']","['C', 'F', 'F', 'F', 'F', 'C']","['C', 'F', 'F', 'F', 'F', 'C']","['C', 'H', 'H', 'F', 'F', 'F']",-121.97,0,,-121.97
21_acrylates_6,['C'],"['C', 'F', 'C']","['C', 'F', 'F', 'F', 'F', 'C']","['C', 'F', 'F', 'F', 'F', 'C']","['C', 'F', 'F', 'F', 'F', 'F']","['C', 'F', 'F']",-122.79,0,,-122.79
24_acrylates_6,['C'],"['C', 'F', 'C']","['C', 'F', 'F', 'F', 'F', 'C']","['C', 'F', 'F', 'F', 'F', 'F']","['C', 'F', 'F']","['C', 'F', 'F']",-122.79,0,,-122.79
27_acrylates_6,['C'],"['C', 'F', 'C']","['C', 'F', 'F', 'F', 'F', 'F']","['C', 'F', 'F']","['C', 'F', 'F']","['C', 'F', 'F']",-126.3,0,,-126.3
17_acrylates_7,['C'],"['C', 'F', 'C']","['S', 'F', 'F', 'F', 'F', 'C']","['N', 'O', 'O', 'F', 'F', 'C']","['C', 'C', 'F', 'F', 'C']","['C', 'H', 'H', 'C', 'H', 'H', 'F', 'F', 'C']",-120.33,0,,-120.33
20_acrylates_7,['C'],"['C', 'F', 'C']","['C', 'F', 'F', 'F', 'F', 'C']","['S', 'F', 'F', 'F', 'F', 'C']","['N', 'O', 'O', 'F', 'F', 'C']","['C', 'C', 'F', 'F', 'C']",-121.61,0,,-121.61
23_acrylates_7,['C'],"['C', 'F', 'C']","['C', 'F', 'F', 'F', 'F', 'C']","['C', 'F', 'F', 'F', 'F', 'C']","['S', 'F', 'F', 'F', 'F', 'C']","['N', 'O', 'O', 'F', 'F', 'F']",-121.81,0,,-121.81
26_acrylates_7,['C'],"['C', 'F', 'C']","['C', 'F', 'F', 'F', 'F', 'C']","['C', 'F', 'F', 'F', 'F', 'C']","['C', 'F', 'F', 'F', 'F', 'F']","['S', 'F', 'F']",-121.98,0,,-121.98
29_acrylates_7,['C'],"['C', 'F', 'C']","['C', 'F', 'F', 'F', 'F', 'C']","['C', 'F', 'F', 'F', 'F', 'F']","['C', 'F', 'F']","['C', 'F', 'F']",-122.79,0,,-122.79
32_acrylates_7,['C'],"['C', 'F', 'C']","['C', 'F', 'F', 'F', 'F', 'F']","['C', 'F', 'F']","['C', 'F', 'F']","['C', 'F', 'F']",-126.21,0,,-126.21
14_acrylates_8,['C'],"['C', 'F', 'C']","['C', 'F', 'F', 'F', 'F', 'C']","['C', 'H', 'H', 'F', 'F', 'C']","['C', 'O', 'H', 'F', 'C', 'C']","['O', 'H', 'H', 'H', 'F', 'F', 'F', 'F', 'F', 'F']",-115.19,0,,-115.19
17_acrylates_8,['C'],"['C', 'F', 'C']","['C', 'F', 'F', 'F', 'F', 'C']","['C', 'F', 'F', 'F', 'C', 'C']","['C', 'H', 'H', 'F', 'F', 'F', 'F', 'F', 'F']","['C', 'O', 'H']",-120.73,0,,-120.73
7_alcohols_2,['C'],"['C', 'F', 'C']","['C', 'F', 'F', 'F', 'F', 'C']","['C', 'H', 'H', 'F', 'F', 'F']","['O', 'H', 'H']",['H'],-124.88,0,,-124.88
10_alcohols_2,['C'],"['C', 'F', 'C']","['C', 'F', 'F', 'F', 'F', 'F']","['C', 'F', 'F']","['C', 'H', 'H']","['O', 'H', 'H']",-126.25,0,,-126.25
7_alcohols_3,['C'],"['C', 'F', 'C']","['C', 'F', 'F', 'F', 'F', 'C']","['C', 'H', 'H', 'F', 'F', 'C']","['O', 'H', 'H', 'F', 'F', 'C']","['H', 'F', 'F', 'F']",-122.1,0,,-122.1
10_alcohols_3,['C'],"['C', 'F', 'C']","['C', 'F', 'F', 'F', 'F', 'C']","['C', 'F', 'F', 'F', 'F', 'C']","['C', 'H', 'H', 'F', 'F', 'F']","['O', 'H', 'H']",-123.06,0,,-123.06
13_alcohols_3,['C'],"['C', 'F', 'C']","['C', 'F', 'F', 'F', 'F', 'C']","['C', 'F', 'F', 'F', 'F', 'F']","['C', 'F', 'F']","['C', 'H', 'H']",-123.92,0,,-123.92
16_alcohols_3,['C'],"['C', 'F', 'C']","['C', 'F', 'F', 'F', 'F', 'F']","['C', 'F', 'F']","['C', 'F', 'F']","['C', 'F', 'F']",-126.34,0,,-126.34
7_alcohols_4,['C'],"['C', 'F', 'C']","['C', 'F', 'F', 'F', 'F', 'C']","['C', 'H', 'H', 'F', 'F', 'C']","['O', 'H', 'H', 'F', 'F', 'C']","['H', 'F', 'F', 'C']",-121.84,0,,-121.84
10_alcohols_4,['C'],"['C', 'F', 'C']","['C', 'F', 'F', 'F', 'F', 'C']","['C', 'F', 'F', 'F', 'F', 'C']","['C', 'H', 'H', 'F', 'F', 'C']","['O', 'H', 'H', 'F', 'F', 'C']",-122.06,0,,-122.06
13_alcohols_4,['C'],"['C', 'F', 'C']","['C', 'F', 'F', 'F', 'F', 'C']","['C', 'F', 'F', 'F', 'F', 'C']","['C', 'F', 'F', 'F', 'F', 'C']","['C', 'H', 'H', 'F', 'F', 'F']",-122.06,0,,-122.06
16_alcohols_4,['C'],"['C', 'F', 'C']","['C', 'F', 'F', 'F', 'F', 'C']","['C', 'F', 'F', 'F', 'F', 'C']","['C', 'F', 'F', 'F', 'F', 'F']","['C', 'F', 'F']",-122.86,0,,-122.86
19_alcohols_4,['C'],"['C', 'F', 'C']","['C', 'F', 'F', 'F', 'F', 'C']","['C', 'F', 'F', 'F', 'F', 'F']","['C', 'F', 'F']","['C', 'F', 'F']",-123.85,0,,-123.85
22_alcohols_4,['C'],"['C', 'F', 'C']","['C', 'F', 'F', 'F', 'F', 'F']","['C', 'F', 'F']","['C', 'F', 'F']","['C', 'F', 'F']",-126.26,0,,-126.26
7_alcohols_5,['C'],"['C', 'F', 'C']","['C', 'F', 'F', 'F', 'F', 'C']","['C', 'H', 'H', 'F', 'F', 'C']","['O', 'H', 'H', 'F', 'F', 'C']","['H', 'F', 'F', 'C']",-121.9,0,,-121.9
10_alcohols_5,['C'],"['C', 'F', 'C']","['C', 'F', 'F', 'F', 'F', 'C']","['C', 'F', 'F', 'F', 'F', 'C']","['C', 'H', 'H', 'F', 'F', 'C']","['O', 'H', 'H', 'F', 'F', 'C']",-121.9,0,,-121.9
13_alcohols_5,['C'],"['C', 'F', 'C']","['C', 'F', 'F', 'F', 'F', 'C']","['C', 'F', 'F', 'F', 'F', 'C']","['C', 'F', 'F', 'F', 'F', 'C']","['C', 'H', 'H', 'F', 'F', 'C']",-121.9,0,,-121.9
16_alcohols_5,['C'],"['C', 'F', 'C']","['C', 'F', 'F', 'F', 'F', 'C']","['C', 'F', 'F', 'F', 'F', 'C']","['C', 'F', 'F', 'F', 'F', 'C']","['C', 'F', 'F', 'F', 'F', 'C']",-121.9,0,,-121.9
19_alcohols_5,['C'],"['C', 'F', 'C']","['C', 'F', 'F', 'F', 'F', 'C']","['C', 'F', 'F', 'F', 'F', 'C']","['C', 'F', 'F', 'F', 'F', 'C']","['C', 'F', 'F', 'F', 'F', 'F']",-121.9,0,,-121.9
22_alcohols_5,['C'],"['C', 'F', 'C']","['C', 'F', 'F', 'F', 'F', 'C']","['C', 'F', 'F', 'F', 'F', 'C']","['C', 'F', 'F', 'F', 'F', 'F']","['C', 'F', 'F']",-122.8,0,,-122.8
25_alcohols_5,['C'],"['C', 'F', 'C']","['C', 'F', 'F', 'F', 'F', 'C']","['C', 'F', 'F', 'F', 'F', 'F']","['C', 'F', 'F']","['C', 'F', 'F']",-123.83,0,,-123.83
28_alcohols_5,['C'],"['C', 'F', 'C']","['C', 'F', 'F', 'F', 'F', 'F']","['C', 'F', 'F']","['C', 'F', 'F']","['C', 'F', 'F']",-126.22,0,,-126.22
6_alcohols_7,['C'],"['C', 'F', 'C']","['C', 'F', 'F', 'F', 'F', 'C']","['O', 'H', 'H', 'F', 'F', 'C']","['H', 'F', 'F', 'C']","['F', 'F', 'C']",-122.22,0,,-122.22
9_alcohols_7,['C'],"['C', 'F', 'C']","['C', 'F', 'F', 'F', 'F', 'C']","['C', 'F', 'F', 'F', 'F', 'C']","['O', 'H', 'H', 'F', 'F', 'C']","['H', 'F', 'F', 'F']",-122.44,0,,-122.44
12_alcohols_7,['C'],"['C', 'F', 'C']","['C', 'F', 'F', 'F', 'F', 'C']","['C', 'F', 'F', 'F', 'F', 'C']","['C', 'F', 'F', 'F', 'F', 'F']","['O', 'H', 'H']",-122.91,0,,-122.91
15_alcohols_7,['C'],"['C', 'F', 'C']","['C', 'F', 'F', 'F', 'F', 'C']","['C', 'F', 'F', 'F', 'F', 'F']","['C', 'F', 'F']","['C', 'F', 'F']",-123.74,0,,-123.74
18_alcohols_7,['C'],"['C', 'F', 'C']","['C', 'F', 'F', 'F', 'F', 'F']","['C', 'F', 'F']","['C', 'F', 'F']","['C', 'F', 'F']",-126.28,0,,-126.28
6_alcohols_8,['C'],"['C', 'F', 'C']","['C', 'F', 'F', 'F', 'F', 'C']","['O', 'H', 'H', 'F', 'F', 'C']","['H', 'F', 'F', 'C']","['F', 'F', 'C']",-122.01,0,,-122.01
9_alcohols_8,['C'],"['C', 'F', 'C']","['C', 'F', 'F', 'F', 'F', 'C']","['C', 'F', 'F', 'F', 'F', 'C']","['O', 'H', 'H', 'F', 'F', 'C']","['H', 'F', 'F', 'C']",-122.01,0,,-122.01
12_alcohols_8,['C'],"['C', 'F', 'C']","['C', 'F', 'F', 'F', 'F', 'C']","['C', 'F', 'F', 'F', 'F', 'C']","['C', 'F', 'F', 'F', 'F', 'C']","['O', 'H', 'H', 'F', 'F', 'C']",-122.178,0,,-122.178
15_alcohols_8,['C'],"['C', 'F', 'C']","['C', 'F', 'F', 'F', 'F', 'C']","['C', 'F', 'F', 'F', 'F', 'C']","['C', 'F', 'F', 'F', 'F', 'C']","['C', 'F', 'F', 'F', 'F', 'F']",-122.43,0,,-122.43
18_alcohols_8,['C'],"['C', 'F', 'C']","['C', 'F', 'F', 'F', 'F', 'C']","['C', 'F', 'F', 'F', 'F', 'C']","['C', 'F', 'F', 'F', 'F', 'F']","['C', 'F', 'F']",-122.83,0,,-122.83
21_alcohols_8,['C'],"['C', 'F', 'C']","['C', 'F', 'F', 'F', 'F', 'C']","['C', 'F', 'F', 'F', 'F', 'F']","['C', 'F', 'F']","['C', 'F', 'F']",-123.7,0,,-123.7
24_alcohols_8,['C'],"['C', 'F', 'C']","['C', 'F', 'F', 'F', 'F', 'F']","['C', 'F', 'F']","['C', 'F', 'F']","['C', 'F', 'F']",-126.24,0,,-126.24
6_alcohols_9,['C'],"['C', 'F', 'C']","['C', 'F', 'F', 'F', 'F', 'C']","['O', 'H', 'H', 'F', 'F', 'H']",['H'],[],-126.13,0,,-126.13
9_alcohols_9,['C'],"['C', 'F', 'C']","['C', 'F', 'F', 'F', 'F', 'H']","['C', 'F', 'F']","['O', 'H', 'H']",['H'],-130.73,0,,-130.73
6_olefins_1,['C'],"['C', 'F', 'C']","['C', 'F', 'F', 'F', 'F', 'C']","['C', 'H', 'F', 'F', 'F']","['H', 'H']",[],-124.63,0,,-124.63
9_olefins_1,['C'],"['C', 'F', 'C']","['C', 'F', 'F', 'F', 'F', 'F']","['C', 'F', 'F']","['C', 'H']","['H', 'H']",-125.9,0,,-125.9
6_olefins_2,['C'],"['C', 'F', 'C']","['C', 'F', 'F', 'F', 'F', 'C']","['C', 'H', 'F', 'F', 'C']","['H', 'H', 'F', 'F', 'C']","['F', 'F', 'C']",-121.58,0,,-121.58
9_olefins_2,['C'],"['C', 'F', 'C']","['C', 'F', 'F', 'F', 'F', 'C']","['C', 'F', 'F', 'F', 'F', 'C']","['C', 'H', 'F', 'F', 'C']","['H', 'H', 'F', 'F', 'C']",-122.08,0,,-122.08
12_olefins_2,['C'],"['C', 'F', 'C']","['C', 'F', 'F', 'F', 'F', 'C']","['C', 'F', 'F', 'F', 'F', 'C']","['C', 'F', 'F', 'F', 'F', 'C']","['C', 'H', 'F', 'F', 'F']",-122.08,0,,-122.08
15_olefins_2,['C'],"['C', 'F', 'C']","['C', 'F', 'F', 'F', 'F', 'C']","['C', 'F', 'F', 'F', 'F', 'C']","['C', 'F', 'F', 'F', 'F', 'F']","['C', 'F', 'F']",-122.87,0,,-122.87
18_olefins_2,['C'],"['C', 'F', 'C']","['C', 'F', 'F', 'F', 'F', 'C']","['C', 'F', 'F', 'F', 'F', 'F']","['C', 'F', 'F']","['C', 'F', 'F']",-123.77,0,,-123.77
21_olefins_2,['C'],"['C', 'F', 'C']","['C', 'F', 'F', 'F', 'F', 'F']","['C', 'F', 'F']","['C', 'F', 'F']","['C', 'F', 'F']",-126.33,0,,-126.33
6_olefins_3,['C'],"['C', 'F', 'C']","['C', 'F', 'F', 'F', 'F', 'C']","['C', 'H', 'F', 'F', 'C']","['H', 'H', 'F', 'F', 'C']","['F', 'F', 'C']",-121.55,0,,-121.55
9_olefins_3,['C'],"['C', 'F', 'C']","['C', 'F', 'F', 'F', 'F', 'C']","['C', 'F', 'F', 'F', 'F', 'C']","['C', 'H', 'F', 'F', 'C']","['H', 'H', 'F', 'F', 'C']",-121.86,0,,-121.86
12_olefins_3,['C'],"['C', 'F', 'C']","['C', 'F', 'F', 'F', 'F', 'C']","['C', 'F', 'F', 'F', 'F', 'C']","['C', 'F', 'F', 'F', 'F', 'C']","['C', 'H', 'F', 'F', 'C']",-121.86,0,,-121.86
15_olefins_3,['C'],"['C', 'F', 'C']","['C', 'F', 'F', 'F', 'F', 'C']","['C', 'F', 'F', 'F', 'F', 'C']","['C', 'F', 'F', 'F', 'F', 'C']","['C', 'F', 'F', 'F', 'F', 'C']",-121.99,0,,-121.99
18_olefins_3,['C'],"['C', 'F', 'C']","['C', 'F', 'F', 'F', 'F', 'C']","['C', 'F', 'F', 'F', 'F', 'C']","['C', 'F', 'F', 'F', 'F', 'C']","['C', 'F', 'F', 'F', 'F', 'F']",-121.99,0,,-121.99
21_olefins_3,['C'],"['C', 'F', 'C']","['C', 'F', 'F', 'F', 'F', 'C']","['C', 'F', 'F', 'F', 'F', 'C']","['C', 'F', 'F', 'F', 'F', 'F']","['C', 'F', 'F']",-122.82,0,,-122.82
24_olefins_3,['C'],"['C', 'F', 'C']","['C', 'F', 'F', 'F', 'F', 'C']","['C', 'F', 'F', 'F', 'F', 'F']","['C', 'F', 'F']","['C', 'F', 'F']",-123.73,0,,-123.73
27_olefins_3,['C'],"['C', 'F', 'C']","['C', 'F', 'F', 'F', 'F', 'F']","['C', 'F', 'F']","['C', 'F', 'F']","['C', 'F', 'F']",-126.25,0,,-126.25
6_ethers_0,['C'],"['C', 'F', 'C']","['O', 'F', 'F', 'F', 'F', 'C']","['C', 'F', 'F', 'F']","['H', 'H', 'H']",[],-126.22,0,,-126.22
9_ethers_0,['C'],"['C', 'F', 'C']","['C', 'F', 'F', 'F', 'F', 'F']","['O', 'F', 'F']",['C'],"['H', 'H', 'H']",-126.62,0,,-126.62
5_alkanes_1,['C'],"['C', 'F', 'C']","['F', 'F', 'F', 'F', 'F', 'C']","['F', 'F', 'C']","['F', 'F', 'C']","['F', 'F', 'C']",-126.08,0,,-126.08
8_alkanes_1,['C'],"['C', 'F', 'C']","['C', 'F', 'F', 'F', 'F', 'C']","['F', 'F', 'F', 'F', 'F', 'C']","['F', 'F', 'C']","['F', 'F', 'F']",-122.7,0,,-122.7
11_alkanes_1,['C'],"['C', 'F', 'C']","['C', 'F', 'F', 'F', 'F', 'C']","['C', 'F', 'F', 'F', 'F', 'C']","['F', 'F', 'F', 'F', 'F', 'F']",[],-122.07,0,,-122.07
14_alkanes_1,['C'],"['C', 'F', 'C']","['C', 'F', 'F', 'F', 'F', 'C']","['C', 'F', 'F', 'F', 'F', 'F']","['C', 'F', 'F']","['F', 'F', 'F']",-122.7,0,,-122.7
17_alkanes_1,['C'],"['C', 'F', 'C']","['C', 'F', 'F', 'F', 'F', 'F']","['C', 'F', 'F']","['C', 'F', 'F']","['C', 'F', 'F']",-126.08,0,,-126.08
5_alkanes_2,['C'],"['C', 'F', 'C']","['F', 'F', 'F', 'F', 'F', 'C']","['F', 'F', 'C']","['F', 'F', 'C']","['F', 'F', 'C']",-126.06,0,,-126.06
8_alkanes_2,['C'],"['C', 'F', 'C']","['C', 'F', 'F', 'F', 'F', 'C']","['F', 'F', 'F', 'F', 'F', 'C']","['F', 'F', 'C']","['F', 'F', 'C']",-122.65,0,,-122.65
11_alkanes_2,['C'],"['C', 'F', 'C']","['C', 'F', 'F', 'F', 'F', 'C']","['C', 'F', 'F', 'F', 'F', 'C']","['F', 'F', 'F', 'F', 'F', 'C']","['F', 'F', 'F']",-121.88,0,,-121.88
14_alkanes_2,['C'],"['C', 'F', 'C']","['C', 'F', 'F', 'F', 'F', 'C']","['C', 'F', 'F', 'F', 'F', 'C']","['C', 'F', 'F', 'F', 'F', 'F']","['F', 'F', 'F']",-121.88,0,,-121.88
17_alkanes_2,['C'],"['C', 'F', 'C']","['C', 'F', 'F', 'F', 'F', 'C']","['C', 'F', 'F', 'F', 'F', 'F']","['C', 'F', 'F']","['C', 'F', 'F']",-122.65,0,,-122.65
20_alkanes_2,['C'],"['C', 'F', 'C']","['C', 'F', 'F', 'F', 'F', 'F']","['C', 'F', 'F']","['C', 'F', 'F']","['C', 'F', 'F']",-126.06,0,,-126.06
5_alkanes_3,['C'],"['C', 'F', 'C']","['F', 'F', 'F', 'F', 'F', 'C']","['F', 'F', 'C']","['F', 'F', 'C']","['F', 'F', 'C']",-126.06,0,,-126.06
8_alkanes_3,['C'],"['C', 'F', 'C']","['C', 'F', 'F', 'F', 'F', 'C']","['F', 'F', 'F', 'F', 'F', 'C']","['F', 'F', 'C']","['F', 'F', 'C']",-122.63,0,,-122.63
11_alkanes_3,['C'],"['C', 'F', 'C']","['C', 'F', 'F', 'F', 'F', 'C']","['C', 'F', 'F', 'F', 'F', 'C']","['F', 'F', 'F', 'F', 'F', 'C']","['F', 'F', 'C']",-121.81,0,,-121.81
14_alkanes_3,['C'],"['C', 'F', 'C']","['C', 'F', 'F', 'F', 'F', 'C']","['C', 'F', 'F', 'F', 'F', 'C']","['C', 'F', 'F', 'F', 'F', 'C']","['F', 'F', 'F', 'F', 'F', 'F']",-121.7,0,,-121.7
17_alkanes_3,['C'],"['C', 'F', 'C']","['C', 'F', 'F', 'F', 'F', 'C']","['C', 'F', 'F', 'F', 'F', 'C']","['C', 'F', 'F', 'F', 'F', 'F']","['C', 'F', 'F']",-121.81,0,,-121.81
20_alkanes_3,['C'],"['C', 'F', 'C']","['C', 'F', 'F', 'F', 'F', 'C']","['C', 'F', 'F', 'F', 'F', 'F']","['C', 'F', 'F']","['C', 'F', 'F']",-122.63,0,,-122.63
23_alkanes_3,['C'],"['C', 'F', 'C']","['C', 'F', 'F', 'F', 'F', 'F']","['C', 'F', 'F']","['C', 'F', 'F']","['C', 'F', 'F']",-126.06,0,,-126.06
5_alkanes_4,['C'],"['C', 'F', 'C']","['F', 'F', 'F', 'F', 'F', 'C']","['F', 'F', 'C']","['F', 'F', 'C']","['F', 'F', 'C']",-126.05,0,,-126.05
8_alkanes_4,['C'],"['C', 'F', 'C']","['C', 'F', 'F', 'F', 'F', 'C']","['F', 'F', 'F', 'F', 'F', 'C']","['F', 'F', 'C']","['F', 'F', 'C']",-122.63,0,,-122.63
11_alkanes_4,['C'],"['C', 'F', 'C']","['C', 'F', 'F', 'F', 'F', 'C']","['C', 'F', 'F', 'F', 'F', 'C']","['F', 'F', 'F', 'F', 'F', 'C']","['F', 'F', 'C']",-121.82,0,,-121.82
14_alkanes_4,['C'],"['C', 'F', 'C']","['C', 'F', 'F', 'F', 'F', 'C']","['C', 'F', 'F', 'F', 'F', 'C']","['C', 'F', 'F', 'F', 'F', 'C']","['F', 'F', 'F', 'F', 'F', 'C']",-121.66,0,,-121.66
17_alkanes_4,['C'],"['C', 'F', 'C']","['C', 'F', 'F', 'F', 'F', 'C']","['C', 'F', 'F', 'F', 'F', 'C']","['C', 'F', 'F', 'F', 'F', 'C']","['C', 'F', 'F', 'F', 'F', 'F']",-121.66,0,,-121.66
20_alkanes_4,['C'],"['C', 'F', 'C']","['C', 'F', 'F', 'F', 'F', 'C']","['C', 'F', 'F', 'F', 'F', 'C']","['C', 'F', 'F', 'F', 'F', 'F']","['C', 'F', 'F']",-121.82,0,,-121.82
23_alkanes_4,['C'],"['C', 'F', 'C']","['C', 'F', 'F', 'F', 'F', 'C']","['C', 'F', 'F', 'F', 'F', 'F']","['C', 'F', 'F']","['C', 'F', 'F']",-122.63,0,,-122.63
26_alkanes_4,['C'],"['C', 'F', 'C']","['C', 'F', 'F', 'F', 'F', 'F']","['C', 'F', 'F']","['C', 'F', 'F']","['C', 'F', 'F']",-126.05,0,,-126.05
8_SO3H_2,['C'],"['C', 'F', 'C']","['S', 'F', 'F', 'F', 'F', 'F']","['O', 'O', 'O']",['H'],[],-124.91,0,,-124.91
8_SO3H_3,['C'],"['C', 'F', 'C']","['S', 'F', 'F', 'F', 'F', 'C']","['O', 'O', 'O', 'F', 'F', 'F']",['H'],[],-121.95,0,,-121.95
11_SO3H_3,['C'],"['C', 'F', 'C']","['C', 'F', 'F', 'F', 'F', 'F']","['S', 'F', 'F']","['O', 'O', 'O']",['H'],-126.22,0,,-126.22
8_SO3H_4,['C'],"['C', 'F', 'C']","['S', 'F', 'F', 'F', 'F', 'C']","['O', 'O', 'O', 'F', 'F', 'C']","['H', 'F', 'F', 'F']",[],-121.81,0,,-121.81
11_SO3H_4,['C'],"['C', 'F', 'C']","['C', 'F', 'F', 'F', 'F', 'C']","['S', 'F', 'F', 'F', 'F', 'F']","['O', 'O', 'O']",['H'],-122.63,0,,-122.63
14_SO3H_4,['C'],"['C', 'F', 'C']","['C', 'F', 'F', 'F', 'F', 'F']","['C', 'F', 'F']","['S', 'F', 'F']","['O', 'O', 'O']",-126.03,0,,-126.03
8_SO3H_5,['C'],"['C', 'F', 'C']","['S', 'F', 'F', 'F', 'F', 'C']","['O', 'O', 'O', 'F', 'F', 'C']","['H', 'F', 'F', 'C']","['F', 'F', 'F']",-120.14,0,,-120.14
11_SO3H_5,['C'],"['C', 'F', 'C']","['C', 'F', 'F', 'F', 'F', 'C']","['S', 'F', 'F', 'F', 'F', 'C']","['O', 'O', 'O', 'F', 'F', 'F']",['H'],-121.29,0,,-121.29
14_SO3H_5,['C'],"['C', 'F', 'C']","['C', 'F', 'F', 'F', 'F', 'C']","['C', 'F', 'F', 'F', 'F', 'F']","['S', 'F', 'F']","['O', 'O', 'O']",-122.21,0,,-122.21
17_SO3H_5,['C'],"['C', 'F', 'C']","['C', 'F', 'F', 'F', 'F', 'F']","['C', 'F', 'F']","['C', 'F', 'F']","['S', 'F', 'F']",-125.47,0,,-125.47
8_SO3H_6,['C'],"['C', 'F', 'C']","['S', 'F', 'F', 'F', 'F', 'C']","['O', 'O', 'O', 'F', 'F', 'C']","['H', 'F', 'F', 'C']","['F', 'F', 'C']",-120.08,0,,-120.08
11_SO3H_6,['C'],"['C', 'F', 'C']","['C', 'F', 'F', 'F', 'F', 'C']","['S', 'F', 'F', 'F', 'F', 'C']","['O', 'O', 'O', 'F', 'F', 'C']","['H', 'F', 'F', 'C']",-121.06,0,,-121.06
14_SO3H_6,['C'],"['C', 'F', 'C']","['C', 'F', 'F', 'F', 'F', 'C']","['C', 'F', 'F', 'F', 'F', 'C']","['S', 'F', 'F', 'F', 'F', 'C']","['O', 'O', 'O', 'F', 'F', 'F']",-121.28,0,,-121.28
17_SO3H_6,['C'],"['C', 'F', 'C']","['C', 'F', 'F', 'F', 'F', 'C']","['C', 'F', 'F', 'F', 'F', 'C']","['C', 'F', 'F', 'F', 'F', 'F']","['S', 'F', 'F']",-121.28,0,,-121.28
20_SO3H_6,['C'],"['C', 'F', 'C']","['C', 'F', 'F', 'F', 'F', 'C']","['C', 'F', 'F', 'F', 'F', 'F']","['C', 'F', 'F']","['C', 'F', 'F']",-122.07,0,,-122.07
23_SO3H_6,['C'],"['C', 'F', 'C']","['C', 'F', 'F', 'F', 'F', 'F']","['C', 'F', 'F']","['C', 'F', 'F']","['C', 'F', 'F']",-125.4,0,,-125.4
8_SO3H_7,['C'],"['C', 'F', 'C']","['S', 'F', 'F', 'F', 'F', 'C']","['O', 'O', 'O', 'F', 'F', 'C']","['H', 'F', 'F', 'C']","['F', 'F', 'C']",-120.59,0,,-120.59
11_SO3H_7,['C'],"['C', 'F', 'C']","['C', 'F', 'F', 'F', 'F', 'C']","['S', 'F', 'F', 'F', 'F', 'C']","['O', 'O', 'O', 'F', 'F', 'C']","['H', 'F', 'F', 'C']",-121.64,0,,-121.64
14_SO3H_7,['C'],"['C', 'F', 'C']","['C', 'F', 'F', 'F', 'F', 'C']","['C', 'F', 'F', 'F', 'F', 'C']","['S', 'F', 'F', 'F', 'F', 'C']","['O', 'O', 'O', 'F', 'F', 'C']",-121.64,0,,-121.64
17_SO3H_7,['C'],"['C', 'F', 'C']","['C', 'F', 'F', 'F', 'F', 'C']","['C', 'F', 'F', 'F', 'F', 'C']","['C', 'F', 'F', 'F', 'F', 'C']","['S', 'F', 'F', 'F', 'F', 'C']",-121.64,0,,-121.64
20_SO3H_7,['C'],"['C', 'F', 'C']","['C', 'F', 'F', 'F', 'F', 'C']","['C', 'F', 'F', 'F', 'F', 'C']","['C', 'F', 'F', 'F', 'F', 'C']","['C', 'F', 'F', 'F', 'F', 'F']",-121.64,0,,-121.64
23_SO3H_7,['C'],"['C', 'F', 'C']","['C', 'F', 'F', 'F', 'F', 'C']","['C', 'F', 'F', 'F', 'F', 'C']","['C', 'F', 'F', 'F', 'F', 'F']","['C', 'F', 'F']",-121.64,0,,-121.64
26_SO3H_7,['C'],"['C', 'F', 'C']","['C', 'F', 'F', 'F', 'F', 'C']","['C', 'F', 'F', 'F', 'F', 'F']","['C', 'F', 'F']","['C', 'F', 'F']",-122.59,0,,-122.59
29_SO3H_7,['C'],"['C', 'F', 'C']","['C', 'F', 'F', 'F', 'F', 'F']","['C', 'F', 'F']","['C', 'F', 'F']","['C', 'F', 'F']",-125.99,0,,-125.99
5_SO3H_8,['C'],"['C', 'F', 'C']","['F', 'F', 'F', 'F', 'F', 'C']","['F', 'F', 'C']","['F', 'F', 'C']","['F', 'F', 'C']",-126.29,0,,-126.29
8_SO3H_8,['C'],"['C', 'F', 'C']","['C', 'F', 'F', 'F', 'F', 'C']","['F', 'F', 'F', 'F', 'F', 'C']","['F', 'F', 'C']","['C', 'H', 'H']",-123.67,0,,-123.67
11_SO3H_8,['C'],"['C', 'F', 'C']","['C', 'F', 'F', 'F', 'F', 'C']","['C', 'F', 'F', 'F', 'F', 'C']","['F', 'F', 'F', 'C', 'H', 'H']","['S', 'H', 'H']",-123,0,,-123
14_SO3H_8,['C'],"['C', 'F', 'C']","['C', 'F', 'F', 'F', 'F', 'C']","['C', 'F', 'F', 'C', 'H', 'H']","['C', 'F', 'F', 'S', 'H', 'H']","['F', 'F', 'F', 'H']",-122.04,0,,-122.04
5_SO3H_9,['C'],"['C', 'F', 'C']","['F', 'F', 'F', 'F', 'F', 'C']","['F', 'F', 'C']","['F', 'F', 'C']","['F', 'F', 'C']",-126.28,0,,-126.28
8_SO3H_9,['C'],"['C', 'F', 'C']","['C', 'F', 'F', 'F', 'F', 'C']","['F', 'F', 'F', 'F', 'F', 'C']","['F', 'F', 'C']","['S', 'H', 'H']",-123.63,0,,-123.63
11_SO3H_9,['C'],"['C', 'F', 'C']","['C', 'F', 'F', 'F', 'F', 'C']","['C', 'F', 'F', 'F', 'F', 'C']","['F', 'F', 'F', 'S', 'H', 'H']",['H'],-122.95,0,,-122.95
14_SO3H_9,['C'],"['C', 'F', 'C']","['C', 'F', 'F', 'F', 'F', 'C']","['C', 'F', 'F', 'S', 'H', 'H']","['C', 'F', 'F', 'H']","['F', 'F', 'F']",-121.98,0,,-121.98
10_SO3H_10,['C'],"['C', 'F', 'C']","['C', 'F', 'F', 'F', 'F', 'C']","['C', 'H', 'H', 'F', 'F', 'C']","['S', 'H', 'H', 'F', 'F', 'C']","['O', 'O', 'O', 'F', 'F', 'F']",-121.79,0,,-121.79
13_SO3H_10,['C'],"['C', 'F', 'C']","['C', 'F', 'F', 'F', 'F', 'C']","['C', 'F', 'F', 'F', 'F', 'C']","['C', 'H', 'H', 'F', 'F', 'F']","['S', 'H', 'H']",-122.79,0,,-122.79
16_SO3H_10,['C'],"['C', 'F', 'C']","['C', 'F', 'F', 'F', 'F', 'C']","['C', 'F', 'F', 'F', 'F', 'F']","['C', 'F', 'F']","['C', 'H', 'H']",-123.17,0,,-123.17
19_SO3H_10,['C'],"['C', 'F', 'C']","['C', 'F', 'F', 'F', 'F', 'F']","['C', 'F', 'F']","['C', 'F', 'F']","['C', 'F', 'F']",-126.07,0,,-126.07
8_SO3H_11,['C'],"['C', 'F', 'C']","['S', 'F', 'F', 'F', 'F', 'C']","['N', 'O', 'O', 'F', 'F', 'F']","['H', 'H']",[],-121.5,0,,-121.5
11_SO3H_11,['C'],"['C', 'F', 'C']","['C', 'F', 'F', 'F', 'F', 'F']","['S', 'F', 'F']","['N', 'O', 'O']","['H', 'H']",-126.19,0,,-126.19
8_SO3H_12,['C'],"['C', 'F', 'C']","['S', 'F', 'F', 'F', 'F', 'C']","['N', 'O', 'O', 'F', 'F', 'C']","['H', 'H', 'F', 'F', 'C']","['F', 'F', 'F']",-119.86,0,,-119.86
11_SO3H_12,['C'],"['C', 'F', 'C']","['C', 'F', 'F', 'F', 'F', 'C']","['S', 'F', 'F', 'F', 'F', 'C']","['N', 'O', 'O', 'F', 'F', 'F']","['H', 'H']",-121.7,0,,-121.7
14_SO3H_12,['C'],"['C', 'F', 'C']","['C', 'F', 'F', 'F', 'F', 'C']","['C', 'F', 'F', 'F', 'F', 'F']","['S', 'F', 'F']","['N', 'O', 'O']",-122.67,0,,-122.67
17_SO3H_12,['C'],"['C', 'F', 'C']","['C', 'F', 'F', 'F', 'F', 'F']","['C', 'F', 'F']","['C', 'F', 'F']","['S', 'F', 'F']",-126.08,0,,-126.08
8_SO3H_13,['C'],"['C', 'F', 'C']","['S', 'F', 'F', 'F', 'F', 'C']","['N', 'O', 'O', 'F', 'F', 'C']","['H', 'H', 'F', 'F', 'C']","['F', 'F', 'C']",-119.76,0,,-119.76
11_SO3H_13,['C'],"['C', 'F', 'C']","['C', 'F', 'F', 'F', 'F', 'C']","['S', 'F', 'F', 'F', 'F', 'C']","['N', 'O', 'O', 'F', 'F', 'C']","['H', 'H', 'F', 'F', 'C']",-121.43,0,,-121.43
14_SO3H_13,['C'],"['C', 'F', 'C']","['C', 'F', 'F', 'F', 'F', 'C']","['C', 'F', 'F', 'F', 'F', 'C']","['S', 'F', 'F', 'F', 'F', 'C']","['N', 'O', 'O', 'F', 'F', 'F']",-121.63,0,,-121.63
17_SO3H_13,['C'],"['C', 'F', 'C']","['C', 'F', 'F', 'F', 'F', 'C']","['C', 'F', 'F', 'F', 'F', 'C']","['C', 'F', 'F', 'F', 'F', 'F']","['S', 'F', 'F']",-121.81,0,,-121.81
20_SO3H_13,['C'],"['C', 'F', 'C']","['C', 'F', 'F', 'F', 'F', 'C']","['C', 'F', 'F', 'F', 'F', 'F']","['C', 'F', 'F']","['C', 'F', 'F']",-122.62,0,,-122.62
23_SO3H_13,['C'],"['C', 'F', 'C']","['C', 'F', 'F', 'F', 'F', 'F']","['C', 'F', 'F']","['C', 'F', 'F']","['C', 'F', 'F']",-126.04,0,,-126.04
10_SO3H_14,['C'],"['C', 'F', 'C']","['S', 'F', 'F', 'F', 'F', 'C']","['N', 'O', 'O', 'F', 'F', 'C']","['C', 'H', 'F', 'F', 'C']","['C', 'H', 'H', 'F', 'F', 'C']",-120.55,0,,-120.55
13_SO3H_14,['C'],"['C', 'F', 'C']","['C', 'F', 'F', 'F', 'F', 'C']","['S', 'F', 'F', 'F', 'F', 'C']","['N', 'O', 'O', 'F', 'F', 'C']","['C', 'H', 'F', 'F', 'C']",-121.72,0,,-121.72
16_SO3H_14,['C'],"['C', 'F', 'C']","['C', 'F', 'F', 'F', 'F', 'C']","['C', 'F', 'F', 'F', 'F', 'C']","['S', 'F', 'F', 'F', 'F', 'C']","['N', 'O', 'O', 'F', 'F', 'F']",-121.88,0,,-121.88
19_SO3H_14,['C'],"['C', 'F', 'C']","['C', 'F', 'F', 'F', 'F', 'C']","['C', 'F', 'F', 'F', 'F', 'C']","['C', 'F', 'F', 'F', 'F', 'F']","['S', 'F', 'F']",-122.02,0,,-122.02
22_SO3H_14,['C'],"['C', 'F', 'C']","['C', 'F', 'F', 'F', 'F', 'C']","['C', 'F', 'F', 'F', 'F', 'F']","['C', 'F', 'F']","['C', 'F', 'F']",-122.82,0,,-122.82
25_SO3H_14,['C'],"['C', 'F', 'C']","['C', 'F', 'F', 'F', 'F', 'F']","['C', 'F', 'F']","['C', 'F', 'F']","['C', 'F', 'F']",-126.24,0,,-126.24
13_SO3H_15,['C'],"['C', 'F', 'C']","['S', 'F', 'F', 'F', 'F', 'C']","['N', 'O', 'O', 'F', 'F', 'C']","['C', 'C', 'F', 'F', 'C']","['C', 'H', 'H', 'C', 'H', 'H', 'F', 'F', 'C']",-120.39,0,,-120.39
16_SO3H_15,['C'],"['C', 'F', 'C']","['C', 'F', 'F', 'F', 'F', 'C']","['S', 'F', 'F', 'F', 'F', 'C']","['N', 'O', 'O', 'F', 'F', 'C']","['C', 'C', 'F', 'F', 'C']",-121.64,0,,-121.64
19_SO3H_15,['C'],"['C', 'F', 'C']","['C', 'F', 'F', 'F', 'F', 'C']","['C', 'F', 'F', 'F', 'F', 'C']","['S', 'F', 'F', 'F', 'F', 'C']","['N', 'O', 'O', 'F', 'F', 'F']",-121.82,0,,-121.82
22_SO3H_15,['C'],"['C', 'F', 'C']","['C', 'F', 'F', 'F', 'F', 'C']","['C', 'F', 'F', 'F', 'F', 'C']","['C', 'F', 'F', 'F', 'F', 'F']","['S', 'F', 'F']",-121.99,0,,-121.99
25_SO3H_15,['C'],"['C', 'F', 'C']","['C', 'F', 'F', 'F', 'F', 'C']","['C', 'F', 'F', 'F', 'F', 'F']","['C', 'F', 'F']","['C', 'F', 'F']",-122.8,0,,-122.8
28_SO3H_15,['C'],"['C', 'F', 'C']","['C', 'F', 'F', 'F', 'F', 'F']","['C', 'F', 'F']","['C', 'F', 'F']","['C', 'F', 'F']",-126.22,0,,-126.22
12_SO3H_16,['C'],"['C', 'F', 'C']","['S', 'F', 'F', 'F', 'F', 'C']","['N', 'O', 'O', 'F', 'F', 'C']","['C', 'C', 'F', 'F', 'C']","['H', 'H', 'H', 'C', 'H', 'H', 'F', 'F', 'C']",-120.55,0,,-120.55
15_SO3H_16,['C'],"['C', 'F', 'C']","['C', 'F', 'F', 'F', 'F', 'C']","['S', 'F', 'F', 'F', 'F', 'C']","['N', 'O', 'O', 'F', 'F', 'C']","['C', 'C', 'F', 'F', 'C']",-121.66,0,,-121.66
18_SO3H_16,['C'],"['C', 'F', 'C']","['C', 'F', 'F', 'F', 'F', 'C']","['C', 'F', 'F', 'F', 'F', 'C']","['S', 'F', 'F', 'F', 'F', 'C']","['N', 'O', 'O', 'F', 'F', 'F']",-121.82,0,,-121.82
21_SO3H_16,['C'],"['C', 'F', 'C']","['C', 'F', 'F', 'F', 'F', 'C']","['C', 'F', 'F', 'F', 'F', 'C']","['C', 'F', 'F', 'F', 'F', 'F']","['S', 'F', 'F']",-121.99,0,,-121.99
24_SO3H_16,['C'],"['C', 'F', 'C']","['C', 'F', 'F', 'F', 'F', 'C']","['C', 'F', 'F', 'F', 'F', 'F']","['C', 'F', 'F']","['C', 'F', 'F']",-122.79,0,,-122.79
27_SO3H_16,['C'],"['C', 'F', 'C']","['C', 'F', 'F', 'F', 'F', 'F']","['C', 'F', 'F']","['C', 'F', 'F']","['C', 'F', 'F']",-126.22,0,,-126.22
5_I_1,['C'],"['C', 'F', 'C']","['F', 'F', 'F', 'F', 'F', 'C']","['F', 'F', 'I']",[],[],-125.41,0,,-125.41
8_I_1,['C'],"['C', 'F', 'C']","['C', 'F', 'F', 'F', 'F', 'I']","['F', 'F', 'F']",[],[],-114.28,0,,-114.28
5_I_2,['C'],"['C', 'F', 'C']","['F', 'F', 'F', 'F', 'F', 'C']","['F', 'F', 'C']","['F', 'F', 'C']","['F', 'F', 'I']",-126.3,0,,-126.3
8_I_2,['C'],"['C', 'F', 'C']","['C', 'F', 'F', 'F', 'F', 'C']","['F', 'F', 'F', 'F', 'F', 'C']","['F', 'F', 'I']",[],-122.88,0,,-122.88
11_I_2,['C'],"['C', 'F', 'C']","['C', 'F', 'F', 'F', 'F', 'C']","['C', 'F', 'F', 'F', 'F', 'I']","['F', 'F', 'F']",[],-121.26,0,,-121.26
14_I_2,['C'],"['C', 'F', 'C']","['C', 'F', 'F', 'F', 'F', 'I']","['C', 'F', 'F']","['C', 'F', 'F']","['F', 'F', 'F']",-113.33,0,,-113.33
5_I_3,['C'],"['C', 'F', 'C']","['F', 'F', 'F', 'F', 'F', 'C']","['F', 'F', 'C']","['F', 'F', 'C']","['F', 'F', 'C']",-126.31,0,,-126.31
8_I_3,['C'],"['C', 'F', 'C']","['C', 'F', 'F', 'F', 'F', 'C']","['F', 'F', 'F', 'F', 'F', 'C']","['F', 'F', 'C']","['F', 'F', 'I']",-122.85,0,,-122.85
11_I_3,['C'],"['C', 'F', 'C']","['C', 'F', 'F', 'F', 'F', 'C']","['C', 'F', 'F', 'F', 'F', 'C']","['F', 'F', 'F', 'F', 'F', 'I']",[],-122.06,0,,-122.06
14_I_3,['C'],"['C', 'F', 'C']","['C', 'F', 'F', 'F', 'F', 'C']","['C', 'F', 'F', 'F', 'F', 'I']","['C', 'F', 'F']","['F', 'F', 'F']",-121.07,0,,-121.07
17_I_3,['C'],"['C', 'F', 'C']","['C', 'F', 'F', 'F', 'F', 'I']","['C', 'F', 'F']","['C', 'F', 'F']","['C', 'F', 'F']",-113.29,0,,-113.29
14_I_4,['C'],"['C', 'F', 'C']","['C', 'F', 'F', 'F', 'F', 'C']","['C', 'F', 'C', 'F', 'F', 'I']","['F', 'F', 'F', 'F', 'F', 'F']",[],-115.03,0,,-115.03
17_I_4,['C'],"['C', 'F', 'C']","['C', 'F', 'F', 'F', 'F', 'I']","['C', 'F', 'F']","['C', 'F', 'C']","['F', 'F', 'F', 'F', 'F', 'F']",-112.81,0,,-112.81
5_I_5,['C'],"['C', 'F', 'C']","['F', 'F', 'F', 'F', 'F', 'C']","['F', 'F', 'C']","['F', 'F', 'C']","['F', 'F', 'C']",-126.25,0,,-126.25
8_I_5,['C'],"['C', 'F', 'C']","['C', 'F', 'F', 'F', 'F', 'C']","['F', 'F', 'F', 'F', 'F', 'C']","['F', 'F', 'C']","['F', 'F', 'C']",-122.82,0,,-122.82
11_I_5,['C'],"['C', 'F', 'C']","['C', 'F', 'F', 'F', 'F', 'C']","['C', 'F', 'F', 'F', 'F', 'C']","['F', 'F', 'F', 'F', 'F', 'C']","['F', 'F', 'I']",-122,0,,-122
14_I_5,['C'],"['C', 'F', 'C']","['C', 'F', 'F', 'F', 'F', 'C']","['C', 'F', 'F', 'F', 'F', 'C']","['C', 'F', 'F', 'F', 'F', 'I']","['F', 'F', 'F']",-121.85,0,,-121.85
17_I_5,['C'],"['C', 'F', 'C']","['C', 'F', 'F', 'F', 'F', 'C']","['C', 'F', 'F', 'F', 'F', 'I']","['C', 'F', 'F']","['C', 'F', 'F']",-121,0,,-121
20_I_5,['C'],"['C', 'F', 'C']","['C', 'F', 'F', 'F', 'F', 'I']","['C', 'F', 'F']","['C', 'F', 'F']","['C', 'F', 'F']",-113.24,0,,-113.24
14_I_6,['C'],"['C', 'F', 'C']","['C', 'F', 'F', 'F', 'F', 'C']","['C', 'F', 'C', 'F', 'F', 'C']","['F', 'F', 'F', 'F', 'F', 'F', 'F', 'F', 'C']","['F', 'F', 'I']",-121.04,0,,-121.04
17_I_6,['C'],"['C', 'F', 'C']","['C', 'F', 'F', 'F', 'F', 'C']","['C', 'F', 'F', 'F', 'F', 'C']","['C', 'F', 'C', 'F', 'F', 'I']","['F', 'F', 'F', 'F', 'F', 'F']",-120.83,0,,-120.83
20_I_6,['C'],"['C', 'F', 'C']","['C', 'F', 'F', 'F', 'F', 'C']","['C', 'F', 'F', 'F', 'F', 'I']","['C', 'F', 'F']","['C', 'F', 'C']",-120.83,0,,-120.83
23_I_6,['C'],"['C', 'F', 'C']","['C', 'F', 'F', 'F', 'F', 'I']","['C', 'F', 'F']","['C', 'F', 'F']","['C', 'F', 'F']",-113.25,0,,-113.25
5_I_7,['C'],"['C', 'F', 'C']","['F', 'F', 'F', 'F', 'F', 'C']","['F', 'F', 'C']","['F', 'F', 'C']","['F', 'F', 'C']",-126.22,0,,-126.22
8_I_7,['C'],"['C', 'F', 'C']","['C', 'F', 'F', 'F', 'F', 'C']","['F', 'F', 'F', 'F', 'F', 'C']","['F', 'F', 'C']","['F', 'F', 'C']",-122.79,0,,-122.79
11_I_7,['C'],"['C', 'F', 'C']","['C', 'F', 'F', 'F', 'F', 'C']","['C', 'F', 'F', 'F', 'F', 'C']","['F', 'F', 'F', 'F', 'F', 'C']","['F', 'F', 'C']",-121.98,0,,-121.98
14_I_7,['C'],"['C', 'F', 'C']","['C', 'F', 'F', 'F', 'F', 'C']","['C', 'F', 'F', 'F', 'F', 'C']","['C', 'F', 'F', 'F', 'F', 'C']","['F', 'F', 'F', 'F', 'F', 'C']",-121.77,0,,-121.77
17_I_7,['C'],"['C', 'F', 'C']","['C', 'F', 'F', 'F', 'F', 'C']","['C', 'F', 'F', 'F', 'F', 'C']","['C', 'F', 'F', 'F', 'F', 'C']","['C', 'F', 'F', 'F', 'F', 'C']",-121.77,0,,-121.77
23_I_7,['C'],"['C', 'F', 'C']","['C', 'F', 'F', 'F', 'F', 'C']","['C', 'F', 'F', 'F', 'F', 'C']","['C', 'F', 'F', 'F', 'F', 'C']","['C', 'F', 'F', 'F', 'F', 'I']",-121.77,0,,-121.77
26_I_7,['C'],"['C', 'F', 'C']","['C', 'F', 'F', 'F', 'F', 'C']","['C', 'F', 'F', 'F', 'F', 'C']","['C', 'F', 'F', 'F', 'F', 'I']","['C', 'F', 'F']",-121.77,0,,-121.77
29_I_7,['C'],"['C', 'F', 'C']","['C', 'F', 'F', 'F', 'F', 'C']","['C', 'F', 'F', 'F', 'F', 'I']","['C', 'F', 'F']","['C', 'F', 'F']",-120.97,0,,-120.97
32_I_7,['C'],"['C', 'F', 'C']","['C', 'F', 'F', 'F', 'F', 'I']","['C', 'F', 'F']","['C', 'F', 'F']","['C', 'F', 'F']",-113.26,0,,-113.26
5_I_8,['C'],"['C', 'F', 'C']","['F', 'F', 'F', 'F', 'F', 'C']","['F', 'F', 'C']","['C', 'H', 'H']","['I', 'H', 'H']",-126.12,0,,-126.12
8_I_8,['C'],"['C', 'F', 'C']","['C', 'F', 'F', 'F', 'F', 'C']","['F', 'F', 'F', 'C', 'H', 'H']","['I', 'H', 'H']",[],-124.44,0,,-124.44
5_I_9,['C'],"['C', 'F', 'C']","['F', 'F', 'F', 'F', 'F', 'C']","['F', 'F', 'C']","['F', 'F', 'C']","['F', 'F', 'C']",-126.27,0,,-126.27
8_I_9,['C'],"['C', 'F', 'C']","['C', 'F', 'F', 'F', 'F', 'C']","['F', 'F', 'F', 'F', 'F', 'C']","['F', 'F', 'C']","['C', 'H', 'H']",-123.53,0,,-123.53
11_I_9,['C'],"['C', 'F', 'C']","['C', 'F', 'F', 'F', 'F', 'C']","['C', 'F', 'F', 'F', 'F', 'C']","['F', 'F', 'F', 'C', 'H', 'H']","['I', 'H', 'H']",-122.96,0,,-122.96
14_I_9,['C'],"['C', 'F', 'C']","['C', 'F', 'F', 'F', 'F', 'C']","['C', 'F', 'F', 'C', 'H', 'H']","['C', 'F', 'F', 'I', 'H', 'H']","['F', 'F', 'F']",-122,0,,-122
5_I_10,['C'],"['C', 'F', 'C']","['F', 'F', 'F', 'F', 'F', 'C']","['F', 'F', 'C']","['F', 'F', 'C']","['F', 'F', 'C']",-126.22,0,,-126.22
8_I_10,['C'],"['C', 'F', 'C']","['C', 'F', 'F', 'F', 'F', 'C']","['F', 'F', 'F', 'F', 'F', 'C']","['F', 'F', 'C']","['F', 'F', 'C']",-123.49,0,,-123.49
11_I_10,['C'],"['C', 'F', 'C']","['C', 'F', 'F', 'F', 'F', 'C']","['C', 'F', 'F', 'F', 'F', 'C']","['F', 'F', 'F', 'F', 'F', 'C']","['F', 'F', 'C']",-122.81,0,,-122.81
14_I_10,['C'],"['C', 'F', 'C']","['C', 'F', 'F', 'F', 'F', 'C']","['C', 'F', 'F', 'F', 'F', 'C']","['C', 'F', 'F', 'F', 'F', 'C']","['F', 'F', 'F', 'C', 'H', 'H']",-122,0,,-122
17_I_10,['C'],"['C', 'F', 'C']","['C', 'F', 'F', 'F', 'F', 'C']","['C', 'F', 'F', 'F', 'F', 'C']","['C', 'F', 'F', 'C', 'H', 'H']","['C', 'F', 'F', 'I', 'H', 'H']",-122,0,,-122
20_I_10,['C'],"['C', 'F', 'C']","['C', 'F', 'F', 'F', 'F', 'C']","['C', 'F', 'F', 'C', 'H', 'H']","['C', 'F', 'F', 'I', 'H', 'H']","['C', 'F', 'F']",-121.78,0,,-121.78
5_I_11,['C'],"['C', 'F', 'C']","['F', 'F', 'F', 'F', 'F', 'C']","['F', 'F', 'C']","['F', 'F', 'C']","['F', 'F', 'C']",-126.22,0,,-126.22
8_I_11,['C'],"['C', 'F', 'C']","['C', 'F', 'F', 'F', 'F', 'C']","['F', 'F', 'F', 'F', 'F', 'C']","['F', 'F', 'C']","['F', 'F', 'C']",-123.49,0,,-123.49
11_I_11,['C'],"['C', 'F', 'C']","['C', 'F', 'F', 'F', 'F', 'C']","['C', 'F', 'F', 'F', 'F', 'C']","['F', 'F', 'F', 'F', 'F', 'C']","['F', 'F', 'C']",-122.79,0,,-122.79
14_I_11,['C'],"['C', 'F', 'C']","['C', 'F', 'F', 'F', 'F', 'C']","['C', 'F', 'F', 'F', 'F', 'C']","['C', 'F', 'F', 'F', 'F', 'C']","['F', 'F', 'F', 'F', 'F', 'C']",-121.89,0,,-121.89
17_I_11,['C'],"['C', 'F', 'C']","['C', 'F', 'F', 'F', 'F', 'C']","['C', 'F', 'F', 'F', 'F', 'C']","['C', 'F', 'F', 'F', 'F', 'C']","['C', 'F', 'F', 'F', 'F', 'C']",-121.89,0,,-121.89
20_I_11,['C'],"['C', 'F', 'C']","['C', 'F', 'F', 'F', 'F', 'C']","['C', 'F', 'F', 'F', 'F', 'C']","['C', 'F', 'F', 'F', 'F', 'C']","['C', 'F', 'F', 'C', 'H', 'H']",-121.89,0,,-121.89
23_I_11,['C'],"['C', 'F', 'C']","['C', 'F', 'F', 'F', 'F', 'C']","['C', 'F', 'F', 'F', 'F', 'C']","['C', 'F', 'F', 'C', 'H', 'H']","['C', 'F', 'F', 'I', 'H', 'H']",-121.89,0,,-121.89
26_I_11,['C'],"['C', 'F', 'C']","['C', 'F', 'F', 'F', 'F', 'C']","['C', 'F', 'F', 'C', 'H', 'H']","['C', 'F', 'F', 'I', 'H', 'H']","['C', 'F', 'F']",-121.89,0,,-121.89
7_Cl_1,['C'],"['C', 'F', 'C']","['C', 'F', 'F', 'F', 'F', 'F']","['O', 'Cl']",[],[],-127.24,0,,-127.24
7_Cl_2,['C'],"['C', 'F', 'C']","['C', 'F', 'F', 'F', 'F', 'C']","['O', 'Cl', 'F', 'F', 'C']","['F', 'F', 'C']","['F', 'F', 'C']",-121.75,0,,-121.75
10_Cl_2,['C'],"['C', 'F', 'C']","['C', 'F', 'F', 'F', 'F', 'C']","['C', 'F', 'F', 'F', 'F', 'C']","['O', 'Cl', 'F', 'F', 'C']","['F', 'F', 'F']",-122.03,0,,-122.03
13_Cl_2,['C'],"['C', 'F', 'C']","['C', 'F', 'F', 'F', 'F', 'C']","['C', 'F', 'F', 'F', 'F', 'C']","['C', 'F', 'F', 'F', 'F', 'F']","['O', 'Cl']",-122.76,0,,-122.76
16_Cl_2,['C'],"['C', 'F', 'C']","['C', 'F', 'F', 'F', 'F', 'C']","['C', 'F', 'F', 'F', 'F', 'F']","['C', 'F', 'F']","['C', 'F', 'F']",-122.76,0,,-122.76
19_Cl_2,['C'],"['C', 'F', 'C']","['C', 'F', 'F', 'F', 'F', 'F']","['C', 'F', 'F']","['C', 'F', 'F']","['C', 'F', 'F']",-126.26,0,,-126.26
7_Cl_3,['C'],"['C', 'F', 'C']","['C', 'F', 'F', 'F', 'F', 'C']","['O', 'Cl', 'F', 'F', 'C']","['F', 'F', 'C']","['F', 'F', 'C']",-121.81,0,,-121.81
10_Cl_3,['C'],"['C', 'F', 'C']","['C', 'F', 'F', 'F', 'F', 'C']","['C', 'F', 'F', 'F', 'F', 'C']","['O', 'Cl', 'F', 'F', 'C']","['F', 'F', 'C']",-121.81,0,,-121.81
13_Cl_3,['C'],"['C', 'F', 'C']","['C', 'F', 'F', 'F', 'F', 'C']","['C', 'F', 'F', 'F', 'F', 'C']","['C', 'F', 'F', 'F', 'F', 'C']","['O', 'Cl', 'F', 'F', 'F']",-121.81,0,,-121.81
16_Cl_3,['C'],"['C', 'F', 'C']","['C', 'F', 'F', 'F', 'F', 'C']","['C', 'F', 'F', 'F', 'F', 'C']","['C', 'F', 'F', 'F', 'F', 'F']","['C', 'F', 'F']",-122.75,0,,-122.75
19_Cl_3,['C'],"['C', 'F', 'C']","['C', 'F', 'F', 'F', 'F', 'C']","['C', 'F', 'F', 'F', 'F', 'F']","['C', 'F', 'F']","['C', 'F', 'F']",-122.75,0,,-122.75
22_Cl_3,['C'],"['C', 'F', 'C']","['C', 'F', 'F', 'F', 'F', 'F']","['C', 'F', 'F']","['C', 'F', 'F']","['C', 'F', 'F']",-126.24,0,,-126.24
12_ethers_3,['C'],"['C', 'F', 'C']","['C', 'F', 'F', 'F', 'F', 'C']","['O', 'H', 'H', 'F', 'F', 'H']",['C'],"['C', 'F', 'F']",-129.89,0,,-129.89
15_ethers_3,['C'],"['C', 'F', 'C']","['C', 'F', 'F', 'F', 'F', 'H']","['C', 'F', 'F']","['O', 'H', 'H']",['C'],-129.89,0,,-129.89
6_ethers_8,['C'],"['C', 'F', 'C']","['O', 'F', 'F', 'F', 'F', 'F']",['C'],"['H', 'H', 'H']",[],-129.68,0,,-129.68
10_other_1,['C'],"['C', 'F', 'C']","['C', 'F', 'F', 'F', 'F', 'C']","['C', 'H', 'H', 'F', 'F', 'F']","['O', 'H', 'H']",['P'],-124.66,0,,-124.66
13_other_1,['C'],"['C', 'F', 'C']","['C', 'F', 'F', 'F', 'F', 'F']","['C', 'F', 'F']","['C', 'H', 'H']","['O', 'H', 'H']",-126.26,0,,-126.26
10_other_2,['C'],"['C', 'F', 'C']","['C', 'F', 'F', 'F', 'F', 'C']","['C', 'H', 'H', 'F', 'F', 'C']","['O', 'H', 'H', 'F', 'F', 'C']","['P', 'F', 'F', 'C']",-121.84,0,,-121.84
13_other_2,['C'],"['C', 'F', 'C']","['C', 'F', 'F', 'F', 'F', 'C']","['C', 'F', 'F', 'F', 'F', 'C']","['C', 'H', 'H', 'F', 'F', 'C']","['O', 'H', 'H', 'F', 'F', 'C']",-122.04,0,,-122.04
16_other_2,['C'],"['C', 'F', 'C']","['C', 'F', 'F', 'F', 'F', 'C']","['C', 'F', 'F', 'F', 'F', 'C']","['C', 'F', 'F', 'F', 'F', 'C']","['C', 'H', 'H', 'F', 'F', 'F']",-122.04,0,,-122.04
19_other_2,['C'],"['C', 'F', 'C']","['C', 'F', 'F', 'F', 'F', 'C']","['C', 'F', 'F', 'F', 'F', 'C']","['C', 'F', 'F', 'F', 'F', 'F']","['C', 'F', 'F']",-122.83,0,,-122.83
22_other_2,['C'],"['C', 'F', 'C']","['C', 'F', 'F', 'F', 'F', 'C']","['C', 'F', 'F', 'F', 'F', 'F']","['C', 'F', 'F']","['C', 'F', 'F']",-123.76,0,,-123.76
25_other_2,['C'],"['C', 'F', 'C']","['C', 'F', 'F', 'F', 'F', 'F']","['C', 'F', 'F']","['C', 'F', 'F']","['C', 'F', 'F']",-126.23,0,,-126.23
10_other_3,['C'],"['C', 'F', 'C']","['C', 'F', 'F', 'F', 'F', 'C']","['C', 'H', 'H', 'F', 'F', 'C']","['O', 'H', 'H', 'F', 'F', 'C']","['P', 'F', 'F', 'C']",-121.64,0,,-121.64
13_other_3,['C'],"['C', 'F', 'C']","['C', 'F', 'F', 'F', 'F', 'C']","['C', 'F', 'F', 'F', 'F', 'C']","['C', 'H', 'H', 'F', 'F', 'C']","['O', 'H', 'H', 'F', 'F', 'C']",-121.64,0,,-121.64
16_other_3,['C'],"['C', 'F', 'C']","['C', 'F', 'F', 'F', 'F', 'C']","['C', 'F', 'F', 'F', 'F', 'C']","['C', 'F', 'F', 'F', 'F', 'C']","['C', 'H', 'H', 'F', 'F', 'C']",-121.64,0,,-121.64
19_other_3,['C'],"['C', 'F', 'C']","['C', 'F', 'F', 'F', 'F', 'C']","['C', 'F', 'F', 'F', 'F', 'C']","['C', 'F', 'F', 'F', 'F', 'C']","['C', 'F', 'F', 'F', 'F', 'C']",-121.64,0,,-121.64
22_other_3,['C'],"['C', 'F', 'C']","['C', 'F', 'F', 'F', 'F', 'C']","['C', 'F', 'F', 'F', 'F', 'C']","['C', 'F', 'F', 'F', 'F', 'C']","['C', 'F', 'F', 'F', 'F', 'F']",-121.64,0,,-121.64
25_other_3,['C'],"['C', 'F', 'C']","['C', 'F', 'F', 'F', 'F', 'C']","['C', 'F', 'F', 'F', 'F', 'C']","['C', 'F', 'F', 'F', 'F', 'F']","['C', 'F', 'F']",-122.54,0,,-122.54
28_other_3,['C'],"['C', 'F', 'C']","['C', 'F', 'F', 'F', 'F', 'C']","['C', 'F', 'F', 'F', 'F', 'F']","['C', 'F', 'F']","['C', 'F', 'F']",-123.44,0,,-123.44
31_other_3,['C'],"['C', 'F', 'C']","['C', 'F', 'F', 'F', 'F', 'F']","['C', 'F', 'F']","['C', 'F', 'F']","['C', 'F', 'F']",-125.93,0,,-125.93
5_other_4,['C'],"['C', 'F', 'C']","['F', 'F', 'F', 'F', 'F', 'C']","['F', 'F', 'N']","['C', 'C']","['F', 'F', 'C', 'F', 'F', 'C']",-126.5,0,,-126.5
8_other_4,['C'],"['C', 'F', 'C']","['C', 'F', 'F', 'F', 'F', 'N']","['F', 'F', 'F', 'C', 'C']","['F', 'F', 'C', 'F', 'F', 'C']","['F', 'F', 'C', 'F', 'F', 'C']",-118.47,0,,-118.47
18_other_4,['C'],"['C', 'F', 'C']","['N', 'F', 'F', 'F', 'F', 'C']","['C', 'C', 'F', 'F', 'F']","['C', 'F', 'F', 'F', 'F', 'C']","['C', 'F', 'F', 'F', 'F', 'C']",-118.47,0,,-118.47
21_other_4,['C'],"['C', 'F', 'C']","['C', 'F', 'F', 'F', 'F', 'F']","['N', 'F', 'F']","['C', 'C']","['C', 'F', 'F', 'F', 'F', 'C']",-126.5,0,,-126.5
5_other_5,['C'],"['C', 'F', 'C']","['F', 'F', 'F', 'F', 'F', 'C']","['F', 'F', 'C']","['F', 'F', 'N']","['C', 'C']",-127.56,0,,-127.56
8_other_5,['C'],"['C', 'F', 'C']","['C', 'F', 'F', 'F', 'F', 'C']","['F', 'F', 'F', 'F', 'F', 'N']","['C', 'C']","['F', 'F', 'C', 'F', 'F', 'C']",-124.4,0,,-124.4
11_other_5,['C'],"['C', 'F', 'C']","['C', 'F', 'F', 'F', 'F', 'N']","['C', 'F', 'F', 'C', 'C']","['F', 'F', 'F', 'F', 'F', 'C', 'F', 'F', 'C']","['F', 'F', 'C', 'F', 'F', 'C']",-118.89,0,,-118.89
21_other_5,['C'],"['C', 'F', 'C']","['N', 'F', 'F', 'F', 'F', 'C']","['C', 'C', 'F', 'F', 'C']","['C', 'F', 'F', 'F', 'F', 'C', 'F', 'F', 'F']","['C', 'F', 'F', 'F', 'F', 'C']",-118.89,0,,-118.89
24_other_5,['C'],"['C', 'F', 'C']","['C', 'F', 'F', 'F', 'F', 'C']","['N', 'F', 'F', 'F', 'F', 'F']","['C', 'C']","['C', 'F', 'F', 'F', 'F', 'C']",-124.4,0,,-124.4
27_other_5,['C'],"['C', 'F', 'C']","['C', 'F', 'F', 'F', 'F', 'F']","['C', 'F', 'F']","['N', 'F', 'F']","['C', 'C']",-127.56,0,,-127.56
8_other_6,['C'],"['C', 'F', 'C']","['C', 'F', 'F', 'F', 'F', 'F']","['O', 'O']",['C'],"['H', 'H', 'H']",-127.2,0,,-127.2
8_other_7,['C'],"['C', 'F', 'C']","['C', 'F', 'F', 'F', 'F', 'C']","['O', 'O', 'F', 'F', 'C']","['C', 'F', 'F', 'F']","['H', 'H', 'H']",-122.72,0,,-122.72
11_other_7,['C'],"['C', 'F', 'C']","['C', 'F', 'F', 'F', 'F', 'C']","['C', 'F', 'F', 'F', 'F', 'F']","['O', 'O']",['C'],-122.96,0,,-122.96
14_other_7,['C'],"['C', 'F', 'C']","['C', 'F', 'F', 'F', 'F', 'F']","['C', 'F', 'F']","['C', 'F', 'F']","['O', 'O']",-126.28,0,,-126.28
7_other_8,['C'],"['C', 'F', 'C']","['C', 'F', 'F', 'F', 'F', 'C']","['C', 'H', 'H', 'F', 'F', 'C']","['O', 'H', 'F', 'F', 'C']","['F', 'F', 'F']",-121.3,0,,-121.3
10_other_8,['C'],"['C', 'F', 'C']","['C', 'F', 'F', 'F', 'F', 'C']","['C', 'F', 'F', 'F', 'F', 'C']","['C', 'H', 'H', 'F', 'F', 'F']","['O', 'H']",-122.27,0,,-122.27
13_other_8,['C'],"['C', 'F', 'C']","['C', 'F', 'F', 'F', 'F', 'C']","['C', 'F', 'F', 'F', 'F', 'F']","['C', 'F', 'F']","['C', 'H', 'H']",-122.27,0,,-122.27
16_other_8,['C'],"['C', 'F', 'C']","['C', 'F', 'F', 'F', 'F', 'F']","['C', 'F', 'F']","['C', 'F', 'F']","['C', 'F', 'F']",-125.45,0,,-125.45
9_other_9,['C'],"['C', 'F', 'C']","['C', 'F', 'F', 'F', 'F', 'C']","['C', 'H', 'H', 'F', 'F', 'C']","['Si', 'H', 'H', 'F', 'F', 'C']","['O', 'O', 'O', 'F', 'F', 'F']",-122,0,,-122
12_other_9,['C'],"['C', 'F', 'C']","['C', 'F', 'F', 'F', 'F', 'C']","['C', 'F', 'F', 'F', 'F', 'C']","['C', 'H', 'H', 'F', 'F', 'F']","['Si', 'H', 'H']",-122.94,0,,-122.94
15_other_9,['C'],"['C', 'F', 'C']","['C', 'F', 'F', 'F', 'F', 'C']","['C', 'F', 'F', 'F', 'F', 'F']","['C', 'F', 'F']","['C', 'H', 'H']",-123.53,0,,-123.53
18_other_9,['C'],"['C', 'F', 'C']","['C', 'F', 'F', 'F', 'F', 'F']","['C', 'F', 'F']","['C', 'F', 'F']","['C', 'F', 'F']",-126.27,0,,-126.27
7_ether_12,['C'],"['C', 'F', 'C']","['C', 'F', 'F', 'F', 'F', 'O']","['O', 'O', 'C']","['H', 'F', 'F', 'F']",[],-129.4,0,,-129.4
10_ether_13,['C'],"['C', 'F', 'C']","['O', 'F', 'F', 'F', 'F', 'F']",['C'],"['C', 'F', 'C']","['O', 'O', 'F', 'F', 'F']",-131.7,0,,-131.7
7_ether_14,['C'],"['C', 'F', 'C']","['C', 'F', 'F', 'F', 'F', 'O']","['O', 'O', 'C']","['H', 'F', 'C', 'C']","['F', 'F', 'F', 'F', 'F', 'F']",-128.8,0,,-128.8
18_ether_16,['C'],"['C', 'F', 'C']","['O', 'F', 'F', 'F', 'F', 'C']","['C', 'F', 'F', 'F']","['C', 'F', 'F']","['O', 'F', 'F']",-128.3,0,,-128.3
21_ether_16,['C'],"['C', 'F', 'C']","['C', 'F', 'F', 'F', 'F', 'F']","['O', 'F', 'F']",['C'],"['C', 'F', 'F']",-128.4,0,,-128.4
25_ether_18,['C'],"['C', 'F', 'C']","['O', 'F', 'F', 'F', 'F', 'C']","['C', 'F', 'F', 'F']","['C', 'F', 'F']","['O', 'F', 'F']",-128.4,0,,-128.4
28_ether_18,['C'],"['C', 'F', 'C']","['C', 'F', 'F', 'F', 'F', 'F']","['O', 'F', 'F']",['C'],"['C', 'F', 'F']",-128.5,0,,-128.5
7_COOH_24,['C'],"['C', 'F', 'C']","['C', 'F', 'F', 'F', 'F', 'C']","['O', 'O', 'F', 'F', 'F']",['H'],[],-125.07,0,,-125.07
10_COOH_24,['C'],"['C', 'F', 'C']","['C', 'F', 'F', 'F', 'F', 'F']","['C', 'F', 'F']","['O', 'O']",['H'],-127.34,0,,-127.34
7_COOH_25,['C'],"['C', 'F', 'C']","['C', 'F', 'F', 'F', 'F', 'C']","['O', 'O', 'F', 'F', 'C']","['H', 'F', 'F', 'F']",[],-123.75,0,,-123.75
10_COOH_25,['C'],"['C', 'F', 'C']","['C', 'F', 'F', 'F', 'F', 'C']","['C', 'F', 'F', 'F', 'F', 'F']","['O', 'O']",['H'],-124.31,0,,-124.31
13_COOH_25,['C'],"['C', 'F', 'C']","['C', 'F', 'F', 'F', 'F', 'F']","['C', 'F', 'F']","['C', 'F', 'F']","['O', 'O']",-127.49,0,,-127.49
7_COOH_26,['C'],"['C', 'F', 'C']","['C', 'F', 'F', 'F', 'F', 'C']","['O', 'O', 'F', 'F', 'C']","['H', 'F', 'F', 'C']","['F', 'F', 'F']",-122.91,0,,-122.91
10_COOH_26,['C'],"['C', 'F', 'C']","['C', 'F', 'F', 'F', 'F', 'C']","['C', 'F', 'F', 'F', 'F', 'C']","['O', 'O', 'F', 'F', 'F']",['H'],-123.92,0,,-123.92
13_COOH_26,['C'],"['C', 'F', 'C']","['C', 'F', 'F', 'F', 'F', 'C']","['C', 'F', 'F', 'F', 'F', 'F']","['C', 'F', 'F']","['O', 'O']",-124.09,0,,-124.09
16_COOH_26,['C'],"['C', 'F', 'C']","['C', 'F', 'F', 'F', 'F', 'F']","['C', 'F', 'F']","['C', 'F', 'F']","['C', 'F', 'F']",-127.36,0,,-127.36
7_COOH_27,['C'],"['C', 'F', 'C']","['C', 'F', 'F', 'F', 'F', 'C']","['O', 'O', 'F', 'F', 'C']","['H', 'F', 'F', 'C']","['F', 'F', 'C']",-122.72,0,,-122.72
10_COOH_27,['C'],"['C', 'F', 'C']","['C', 'F', 'F', 'F', 'F', 'C']","['C', 'F', 'F', 'F', 'F', 'C']","['O', 'O', 'F', 'F', 'C']","['H', 'F', 'F', 'F']",-123.07,0,,-123.07
13_COOH_27,['C'],"['C', 'F', 'C']","['C', 'F', 'F', 'F', 'F', 'C']","['C', 'F', 'F', 'F', 'F', 'C']","['C', 'F', 'F', 'F', 'F', 'F']","['O', 'O']",-123.8,0,,-123.8
16_COOH_27,['C'],"['C', 'F', 'C']","['C', 'F', 'F', 'F', 'F', 'C']","['C', 'F', 'F', 'F', 'F', 'F']","['C', 'F', 'F']","['C', 'F', 'F']",-124.07,0,,-124.07
19_COOH_27,['C'],"['C', 'F', 'C']","['C', 'F', 'F', 'F', 'F', 'F']","['C', 'F', 'F']","['C', 'F', 'F']","['C', 'F', 'F']",-127.31,0,,-127.31
7_COOH_28,['C'],"['C', 'F', 'C']","['C', 'F', 'F', 'F', 'F', 'C']","['O', 'O', 'F', 'F', 'C']","['H', 'F', 'F', 'C']","['F', 'F', 'C']",-122.66,0,,-122.66
10_COOH_28,['C'],"['C', 'F', 'C']","['C', 'F', 'F', 'F', 'F', 'C']","['C', 'F', 'F', 'F', 'F', 'C']","['O', 'O', 'F', 'F', 'C']","['H', 'F', 'F', 'C']",-122.89,0,,-122.89
13_COOH_28,['C'],"['C', 'F', 'C']","['C', 'F', 'F', 'F', 'F', 'C']","['C', 'F', 'F', 'F', 'F', 'C']","['C', 'F', 'F', 'F', 'F', 'C']","['O', 'O', 'F', 'F', 'F']",-122.89,0,,-122.89
16_COOH_28,['C'],"['C', 'F', 'C']","['C', 'F', 'F', 'F', 'F', 'C']","['C', 'F', 'F', 'F', 'F', 'C']","['C', 'F', 'F', 'F', 'F', 'F']","['C', 'F', 'F']",-123.72,0,,-123.72
19_COOH_28,['C'],"['C', 'F', 'C']","['C', 'F', 'F', 'F', 'F', 'C']","['C', 'F', 'F', 'F', 'F', 'F']","['C', 'F', 'F']","['C', 'F', 'F']",-124.3,0,,-124.3
22_COOH_28,['C'],"['C', 'F', 'C']","['C', 'F', 'F', 'F', 'F', 'F']","['C', 'F', 'F']","['C', 'F', 'F']","['C', 'F', 'F']",-127.27,0,,-127.27
7_COOH_29,['C'],"['C', 'F', 'C']","['C', 'F', 'F', 'F', 'F', 'C']","['O', 'O', 'F', 'F', 'C']","['H', 'F', 'F', 'C']","['F', 'F', 'C']",-122.8,0,,-122.8
10_COOH_29,['C'],"['C', 'F', 'C']","['C', 'F', 'F', 'F', 'F', 'C']","['C', 'F', 'F', 'F', 'F', 'C']","['O', 'O', 'F', 'F', 'C']","['H', 'F', 'F', 'C']",-122.8,0,,-122.8
13_COOH_29,['C'],"['C', 'F', 'C']","['C', 'F', 'F', 'F', 'F', 'C']","['C', 'F', 'F', 'F', 'F', 'C']","['C', 'F', 'F', 'F', 'F', 'C']","['O', 'O', 'F', 'F', 'C']",-122.8,0,,-122.8
16_COOH_29,['C'],"['C', 'F', 'C']","['C', 'F', 'F', 'F', 'F', 'C']","['C', 'F', 'F', 'F', 'F', 'C']","['C', 'F', 'F', 'F', 'F', 'C']","['C', 'F', 'F', 'F', 'F', 'F']",-122.8,0,,-122.8
19_COOH_29,['C'],"['C', 'F', 'C']","['C', 'F', 'F', 'F', 'F', 'C']","['C', 'F', 'F', 'F', 'F', 'C']","['C', 'F', 'F', 'F', 'F', 'F']","['C', 'F', 'F']",-123.73,0,,-123.73
22_COOH_29,['C'],"['C', 'F', 'C']","['C', 'F', 'F', 'F', 'F', 'C']","['C', 'F', 'F', 'F', 'F', 'F']","['C', 'F', 'F']","['C', 'F', 'F']",-124.01,0,,-124.01
25_COOH_29,['C'],"['C', 'F', 'C']","['C', 'F', 'F', 'F', 'F', 'F']","['C', 'F', 'F']","['C', 'F', 'F']","['C', 'F', 'F']",-127.27,0,,-127.27
7_COOH_30,['C'],"['C', 'F', 'C']","['C', 'F', 'F', 'F', 'F', 'C']","['O', 'O', 'F', 'F', 'C']","['H', 'F', 'F', 'C']","['F', 'F', 'C']",-122.69,0,,-122.69
10_COOH_30,['C'],"['C', 'F', 'C']","['C', 'F', 'F', 'F', 'F', 'C']","['C', 'F', 'F', 'F', 'F', 'C']","['O', 'O', 'F', 'F', 'C']","['H', 'F', 'F', 'C']",-122.69,0,,-122.69
13_COOH_30,['C'],"['C', 'F', 'C']","['C', 'F', 'F', 'F', 'F', 'C']","['C', 'F', 'F', 'F', 'F', 'C']","['C', 'F', 'F', 'F', 'F', 'C']","['O', 'O', 'F', 'F', 'C']",-122.69,0,,-122.69
16_COOH_30,['C'],"['C', 'F', 'C']","['C', 'F', 'F', 'F', 'F', 'C']","['C', 'F', 'F', 'F', 'F', 'C']","['C', 'F', 'F', 'F', 'F', 'C']","['C', 'F', 'F', 'F', 'F', 'C']",-122.69,0,,-122.69
19_COOH_30,['C'],"['C', 'F', 'C']","['C', 'F', 'F', 'F', 'F', 'C']","['C', 'F', 'F', 'F', 'F', 'C']","['C', 'F', 'F', 'F', 'F', 'C']","['C', 'F', 'F', 'F', 'F', 'F']",-122.69,0,,-122.69
22_COOH_30,['C'],"['C', 'F', 'C']","['C', 'F', 'F', 'F', 'F', 'C']","['C', 'F', 'F', 'F', 'F', 'C']","['C', 'F', 'F', 'F', 'F', 'F']","['C', 'F', 'F']",-123.7,0,,-123.7
25_COOH_30,['C'],"['C', 'F', 'C']","['C', 'F', 'F', 'F', 'F', 'C']","['C', 'F', 'F', 'F', 'F', 'F']","['C', 'F', 'F']","['C', 'F', 'F']",-124.05,0,,-124.05
28_COOH_30,['C'],"['C', 'F', 'C']","['C', 'F', 'F', 'F', 'F', 'F']","['C', 'F', 'F']","['C', 'F', 'F']","['C', 'F', 'F']",-127.27,0,,-127.27
7_COOH_31,['C'],"['C', 'F', 'C']","['C', 'F', 'F', 'F', 'F', 'C']","['O', 'O', 'F', 'F', 'C']","['H', 'F', 'F', 'C']","['F', 'F', 'C']",-122.66,0,,-122.66
10_COOH_31,['C'],"['C', 'F', 'C']","['C', 'F', 'F', 'F', 'F', 'C']","['C', 'F', 'F', 'F', 'F', 'C']","['O', 'O', 'F', 'F', 'C']","['H', 'F', 'F', 'C']",-122.66,0,,-122.66
13_COOH_31,['C'],"['C', 'F', 'C']","['C', 'F', 'F', 'F', 'F', 'C']","['C', 'F', 'F', 'F', 'F', 'C']","['C', 'F', 'F', 'F', 'F', 'C']","['O', 'O', 'F', 'F', 'C']",-122.66,0,,-122.66
16_COOH_31,['C'],"['C', 'F', 'C']","['C', 'F', 'F', 'F', 'F', 'C']","['C', 'F', 'F', 'F', 'F', 'C']","['C', 'F', 'F', 'F', 'F', 'C']","['C', 'F', 'F', 'F', 'F', 'C']",-122.66,0,,-122.66
25_COOH_31,['C'],"['C', 'F', 'C']","['C', 'F', 'F', 'F', 'F', 'C']","['C', 'F', 'F', 'F', 'F', 'C']","['C', 'F', 'F', 'F', 'F', 'C']","['C', 'F', 'F', 'F', 'F', 'F']",-121.73,0,,-121.73
28_COOH_31,['C'],"['C', 'F', 'C']","['C', 'F', 'F', 'F', 'F', 'C']","['C', 'F', 'F', 'F', 'F', 'C']","['C', 'F', 'F', 'F', 'F', 'F']","['C', 'F', 'F']",-121.58,0,,-121.58
31_COOH_31,['C'],"['C', 'F', 'C']","['C', 'F', 'F', 'F', 'F', 'C']","['C', 'F', 'F', 'F', 'F', 'F']","['C', 'F', 'F']","['C', 'F', 'F']",-122.95,0,,-122.95
34_COOH_31,['C'],"['C', 'F', 'C']","['C', 'F', 'F', 'F', 'F', 'F']","['C', 'F', 'F']","['C', 'F', 'F']","['C', 'F', 'F']",-126.2,0,,-126.2
7_COOH_32,['C'],"['C', 'F', 'C']","['C', 'F', 'F', 'F', 'F', 'C']","['O', 'O', 'F', 'F', 'C']","['H', 'F', 'F', 'C']","['F', 'F', 'C']",-122.64,0,,-122.64
10_COOH_32,['C'],"['C', 'F', 'C']","['C', 'F', 'F', 'F', 'F', 'C']","['C', 'F', 'F', 'F', 'F', 'C']","['O', 'O', 'F', 'F', 'C']","['H', 'F', 'F', 'C']",-122.64,0,,-122.64
13_COOH_32,['C'],"['C', 'F', 'C']","['C', 'F', 'F', 'F', 'F', 'C']","['C', 'F', 'F', 'F', 'F', 'C']","['C', 'F', 'F', 'F', 'F', 'C']","['O', 'O', 'F', 'F', 'C']",-122.64,0,,-122.64
16_COOH_32,['C'],"['C', 'F', 'C']","['C', 'F', 'F', 'F', 'F', 'C']","['C', 'F', 'F', 'F', 'F', 'C']","['C', 'F', 'F', 'F', 'F', 'C']","['C', 'F', 'F', 'F', 'F', 'C']",-122.64,0,,-122.64
28_COOH_32,['C'],"['C', 'F', 'C']","['C', 'F', 'F', 'F', 'F', 'C']","['C', 'F', 'F', 'F', 'F', 'C']","['C', 'F', 'F', 'F', 'F', 'C']","['C', 'F', 'F', 'F', 'F', 'F']",-121.72,0,,-121.72
31_COOH_32,['C'],"['C', 'F', 'C']","['C', 'F', 'F', 'F', 'F', 'C']","['C', 'F', 'F', 'F', 'F', 'C']","['C', 'F', 'F', 'F', 'F', 'F']","['C', 'F', 'F']",-122.58,0,,-122.58
34_COOH_32,['C'],"['C', 'F', 'C']","['C', 'F', 'F', 'F', 'F', 'C']","['C', 'F', 'F', 'F', 'F', 'F']","['C', 'F', 'F']","['C', 'F', 'F']",-122.93,0,,-122.93
37_COOH_32,['C'],"['C', 'F', 'C']","['C', 'F', 'F', 'F', 'F', 'F']","['C', 'F', 'F']","['C', 'F', 'F']","['C', 'F', 'F']",-126.15,0,,-126.15
8_SO3H_18,['C'],"['C', 'F', 'C']","['S', 'F', 'F', 'F', 'F', 'C']","['O', 'O', 'O', 'F', 'F', 'F']",['H'],[],-123.28,0,,-123.28
11_SO3H_18,['C'],"['C', 'F', 'C']","['C', 'F', 'F', 'F', 'F', 'F']","['S', 'F', 'F']","['O', 'O', 'O']",['H'],-127.39,0,,-127.39
8_SO3H_19,['C'],"['C', 'F', 'C']","['S', 'F', 'F', 'F', 'F', 'C']","['O', 'O', 'O', 'F', 'F', 'C']","['F', 'F', 'F']",[],-121.94,0,,-121.94
11_SO3H_19,['C'],"['C', 'F', 'C']","['C', 'F', 'F', 'F', 'F', 'C']","['S', 'F', 'F', 'F', 'F', 'F']","['O', 'O', 'O']",[],-123.7,0,,-123.7
14_SO3H_19,['C'],"['C', 'F', 'C']","['C', 'F', 'F', 'F', 'F', 'F']","['C', 'F', 'F']","['S', 'F', 'F']","['O', 'O', 'O']",-127.39,0,,-127.39
8_SO3H_20,['C'],"['C', 'F', 'C']","['S', 'F', 'F', 'F', 'F', 'C']","['O', 'O', 'O', 'F', 'F', 'C']","['H', 'F', 'F', 'C']","['F', 'F', 'F']",-121.74,0,,-121.74
11_SO3H_20,['C'],"['C', 'F', 'C']","['C', 'F', 'F', 'F', 'F', 'C']","['S', 'F', 'F', 'F', 'F', 'C']","['O', 'O', 'O', 'F', 'F', 'F']",['H'],-122.88,0,,-122.88
14_SO3H_20,['C'],"['C', 'F', 'C']","['C', 'F', 'F', 'F', 'F', 'C']","['C', 'F', 'F', 'F', 'F', 'F']","['S', 'F', 'F']","['O', 'O', 'O']",-123.83,0,,-123.83
17_SO3H_20,['C'],"['C', 'F', 'C']","['C', 'F', 'F', 'F', 'F', 'F']","['C', 'F', 'F']","['C', 'F', 'F']","['S', 'F', 'F']",-127.33,0,,-127.33
8_SO3H_21,['C'],"['C', 'F', 'C']","['S', 'F', 'F', 'F', 'F', 'C']","['O', 'O', 'O', 'F', 'F', 'C']","['H', 'F', 'F', 'C']","['F', 'F', 'C']",-121.69,0,,-121.69
11_SO3H_21,['C'],"['C', 'F', 'C']","['C', 'F', 'F', 'F', 'F', 'C']","['S', 'F', 'F', 'F', 'F', 'C']","['O', 'O', 'O', 'F', 'F', 'C']","['H', 'F', 'F', 'F']",-122.69,0,,-122.69
14_SO3H_21,['C'],"['C', 'F', 'C']","['C', 'F', 'F', 'F', 'F', 'C']","['C', 'F', 'F', 'F', 'F', 'C']","['S', 'F', 'F', 'F', 'F', 'F']","['O', 'O', 'O']",-122.99,0,,-122.99
17_SO3H_21,['C'],"['C', 'F', 'C']","['C', 'F', 'F', 'F', 'F', 'C']","['C', 'F', 'F', 'F', 'F', 'F']","['C', 'F', 'F']","['S', 'F', 'F']",-123.76,0,,-123.76
20_SO3H_21,['C'],"['C', 'F', 'C']","['C', 'F', 'F', 'F', 'F', 'F']","['C', 'F', 'F']","['C', 'F', 'F']","['C', 'F', 'F']",-127.32,0,,-127.32
8_SO3H_22,['C'],"['C', 'F', 'C']","['S', 'F', 'F', 'F', 'F', 'C']","['O', 'O', 'O', 'F', 'F', 'C']","['F', 'F', 'C']","['F', 'F', 'C']",-121.67,0,,-121.67
11_SO3H_22,['C'],"['C', 'F', 'C']","['C', 'F', 'F', 'F', 'F', 'C']","['S', 'F', 'F', 'F', 'F', 'C']","['O', 'O', 'O', 'F', 'F', 'C']","['F', 'F', 'C']",-122.65,0,,-122.65
14_SO3H_22,['C'],"['C', 'F', 'C']","['C', 'F', 'F', 'F', 'F', 'C']","['C', 'F', 'F', 'F', 'F', 'C']","['S', 'F', 'F', 'F', 'F', 'C']","['O', 'O', 'O', 'F', 'F', 'F']",-122.82,0,,-122.82
17_SO3H_22,['C'],"['C', 'F', 'C']","['C', 'F', 'F', 'F', 'F', 'C']","['C', 'F', 'F', 'F', 'F', 'C']","['C', 'F', 'F', 'F', 'F', 'F']","['S', 'F', 'F']",-122.93,0,,-122.93
20_SO3H_22,['C'],"['C', 'F', 'C']","['C', 'F', 'F', 'F', 'F', 'C']","['C', 'F', 'F', 'F', 'F', 'F']","['C', 'F', 'F']","['C', 'F', 'F']",-123.74,0,,-123.74
23_SO3H_22,['C'],"['C', 'F', 'C']","['C', 'F', 'F', 'F', 'F', 'F']","['C', 'F', 'F']","['C', 'F', 'F']","['C', 'F', 'F']",-127.28,0,,-127.28
8_SO3H_23,['C'],"['C', 'F', 'C']","['S', 'F', 'F', 'F', 'F', 'C']","['O', 'O', 'O', 'F', 'F', 'C']","['H', 'F', 'F', 'C']","['F', 'F', 'C']",-121.67,0,,-121.67
11_SO3H_23,['C'],"['C', 'F', 'C']","['C', 'F', 'F', 'F', 'F', 'C']","['S', 'F', 'F', 'F', 'F', 'C']","['O', 'O', 'O', 'F', 'F', 'C']","['H', 'F', 'F', 'C']",-122.71,0,,-122.71
14_SO3H_23,['C'],"['C', 'F', 'C']","['C', 'F', 'F', 'F', 'F', 'C']","['C', 'F', 'F', 'F', 'F', 'C']","['S', 'F', 'F', 'F', 'F', 'C']","['O', 'O', 'O', 'F', 'F', 'C']",-122.71,0,,-122.71
17_SO3H_23,['C'],"['C', 'F', 'C']","['C', 'F', 'F', 'F', 'F', 'C']","['C', 'F', 'F', 'F', 'F', 'C']","['C', 'F', 'F', 'F', 'F', 'C']","['S', 'F', 'F', 'F', 'F', 'C']",-122.71,0,,-122.71
20_SO3H_23,['C'],"['C', 'F', 'C']","['C', 'F', 'F', 'F', 'F', 'C']","['C', 'F', 'F', 'F', 'F', 'C']","['C', 'F', 'F', 'F', 'F', 'C']","['C', 'F', 'F', 'F', 'F', 'F']",-122.71,0,,-122.71
23_SO3H_23,['C'],"['C', 'F', 'C']","['C', 'F', 'F', 'F', 'F', 'C']","['C', 'F', 'F', 'F', 'F', 'C']","['C', 'F', 'F', 'F', 'F', 'F']","['C', 'F', 'F']",-122.86,0,,-122.86
26_SO3H_23,['C'],"['C', 'F', 'C']","['C', 'F', 'F', 'F', 'F', 'C']","['C', 'F', 'F', 'F', 'F', 'F']","['C', 'F', 'F']","['C', 'F', 'F']",-123.69,0,,-123.69
29_SO3H_23,['C'],"['C', 'F', 'C']","['C', 'F', 'F', 'F', 'F', 'F']","['C', 'F', 'F']","['C', 'F', 'F']","['C', 'F', 'F']",-127.26,0,,-127.26
10_SO3H_24,['C'],"['C', 'F', 'C']","['C', 'F', 'F', 'F', 'F', 'C']","['C', 'H', 'H', 'F', 'F', 'F']","['S', 'H', 'H']","['O', 'O', 'O']",-125.56,0,,-125.56
13_SO3H_24,['C'],"['C', 'F', 'C']","['C', 'F', 'F', 'F', 'F', 'F']","['C', 'F', 'F']","['C', 'H', 'H']","['S', 'H', 'H']",-127.25,0,,-127.25
10_SO3H_25,['C'],"['C', 'F', 'C']","['C', 'F', 'F', 'F', 'F', 'C']","['C', 'H', 'H', 'F', 'F', 'C']","['S', 'H', 'H', 'F', 'F', 'C']","['O', 'O', 'O', 'F', 'F', 'F']",-122.92,0,,-122.92
13_SO3H_25,['C'],"['C', 'F', 'C']","['C', 'F', 'F', 'F', 'F', 'C']","['C', 'F', 'F', 'F', 'F', 'C']","['C', 'H', 'H', 'F', 'F', 'F']","['S', 'H', 'H']",-123.9,0,,-123.9
16_SO3H_25,['C'],"['C', 'F', 'C']","['C', 'F', 'F', 'F', 'F', 'C']","['C', 'F', 'F', 'F', 'F', 'F']","['C', 'F', 'F']","['C', 'H', 'H']",-124.56,0,,-124.56
19_SO3H_25,['C'],"['C', 'F', 'C']","['C', 'F', 'F', 'F', 'F', 'F']","['C', 'F', 'F']","['C', 'F', 'F']","['C', 'F', 'F']",-127.34,0,,-127.34
10_SO3H_26,['C'],"['C', 'F', 'C']","['C', 'F', 'F', 'F', 'F', 'C']","['C', 'H', 'H', 'F', 'F', 'C']","['S', 'H', 'H', 'F', 'F', 'C']","['O', 'O', 'O', 'F', 'F', 'C']",-122.7,0,,-122.7
13_SO3H_26,['C'],"['C', 'F', 'C']","['C', 'F', 'F', 'F', 'F', 'C']","['C', 'F', 'F', 'F', 'F', 'C']","['C', 'H', 'H', 'F', 'F', 'C']","['S', 'H', 'H', 'F', 'F', 'C']",-123.73,0,,-123.73
16_SO3H_26,['C'],"['C', 'F', 'C']","['C', 'F', 'F', 'F', 'F', 'C']","['C', 'F', 'F', 'F', 'F', 'C']","['C', 'F', 'F', 'F', 'F', 'C']","['C', 'H', 'H', 'F', 'F', 'F']",-123.73,0,,-123.73
19_SO3H_26,['C'],"['C', 'F', 'C']","['C', 'F', 'F', 'F', 'F', 'C']","['C', 'F', 'F', 'F', 'F', 'C']","['C', 'F', 'F', 'F', 'F', 'F']","['C', 'F', 'F']",-123.73,0,,-123.73
22_SO3H_26,['C'],"['C', 'F', 'C']","['C', 'F', 'F', 'F', 'F', 'C']","['C', 'F', 'F', 'F', 'F', 'F']","['C', 'F', 'F']","['C', 'F', 'F']",-124.5,0,,-124.5
25_SO3H_26,['C'],"['C', 'F', 'C']","['C', 'F', 'F', 'F', 'F', 'F']","['C', 'F', 'F']","['C', 'F', 'F']","['C', 'F', 'F']",-127.28,0,,-127.28
7_ether_20,['C'],"['C', 'F', 'C']","['C', 'F', 'F', 'F', 'F', 'O']","['O', 'O', 'C']","['H', 'F', 'F', 'F']",[],-128.46,0,,-128.46
7_alcohols_11,['C'],"['C', 'F', 'C']","['C', 'F', 'F', 'F', 'F', 'C']","['C', 'H', 'H', 'F', 'F', 'F']","['O', 'H', 'H']",['H'],-125.81,0,,-125.81
10_alcohols_11,['C'],"['C', 'F', 'C']","['C', 'F', 'F', 'F', 'F', 'F']","['C', 'F', 'F']","['C', 'H', 'H']","['O', 'H', 'H']",-127.28,0,,-127.28
7_alcohols_12,['C'],"['C', 'F', 'C']","['C', 'F', 'F', 'F', 'F', 'C']","['C', 'H', 'H', 'F', 'F', 'C']","['O', 'H', 'H', 'F', 'F', 'C']","['H', 'F', 'F', 'F']",-122.96,0,,-122.96
10_alcohols_12,['C'],"['C', 'F', 'C']","['C', 'F', 'F', 'F', 'F', 'C']","['C', 'F', 'F', 'F', 'F', 'C']","['C', 'H', 'H', 'F', 'F', 'F']","['O', 'H', 'H']",-123.95,0,,-123.95
13_alcohols_12,['C'],"['C', 'F', 'C']","['C', 'F', 'F', 'F', 'F', 'C']","['C', 'F', 'F', 'F', 'F', 'F']","['C', 'F', 'F']","['C', 'H', 'H']",-124.83,0,,-124.83
16_alcohols_12,['C'],"['C', 'F', 'C']","['C', 'F', 'F', 'F', 'F', 'F']","['C', 'F', 'F']","['C', 'F', 'F']","['C', 'F', 'F']",-127.37,0,,-127.37
7_alcohols_13,['C'],"['C', 'F', 'C']","['C', 'F', 'F', 'F', 'F', 'C']","['C', 'H', 'H', 'F', 'F', 'C']","['O', 'H', 'H', 'F', 'F', 'C']","['H', 'F', 'F', 'C']",-122.71,0,,-122.71
10_alcohols_13,['C'],"['C', 'F', 'C']","['C', 'F', 'F', 'F', 'F', 'C']","['C', 'F', 'F', 'F', 'F', 'C']","['C', 'H', 'H', 'F', 'F', 'C']","['O', 'H', 'H', 'F', 'F', 'C']",-122.71,0,,-122.71
13_alcohols_13,['C'],"['C', 'F', 'C']","['C', 'F', 'F', 'F', 'F', 'C']","['C', 'F', 'F', 'F', 'F', 'C']","['C', 'F', 'F', 'F', 'F', 'C']","['C', 'H', 'H', 'F', 'F', 'F']",-122.92,0,,-122.92
16_alcohols_13,['C'],"['C', 'F', 'C']","['C', 'F', 'F', 'F', 'F', 'C']","['C', 'F', 'F', 'F', 'F', 'C']","['C', 'F', 'F', 'F', 'F', 'F']","['C', 'F', 'F']",-123.75,0,,-123.75
19_alcohols_13,['C'],"['C', 'F', 'C']","['C', 'F', 'F', 'F', 'F', 'C']","['C', 'F', 'F', 'F', 'F', 'F']","['C', 'F', 'F']","['C', 'F', 'F']",-124.75,0,,-124.75
22_alcohols_13,['C'],"['C', 'F', 'C']","['C', 'F', 'F', 'F', 'F', 'F']","['C', 'F', 'F']","['C', 'F', 'F']","['C', 'F', 'F']",-127.28,0,,-127.28
7_alcohols_14,['C'],"['C', 'F', 'C']","['C', 'F', 'F', 'F', 'F', 'C']","['C', 'H', 'H', 'F', 'F', 'C']","['O', 'H', 'H', 'F', 'F', 'C']","['H', 'F', 'F', 'C']",-122.7,0,,-122.7
10_alcohols_14,['C'],"['C', 'F', 'C']","['C', 'F', 'F', 'F', 'F', 'C']","['C', 'F', 'F', 'F', 'F', 'C']","['C', 'H', 'H', 'F', 'F', 'C']","['O', 'H', 'H', 'F', 'F', 'C']",-122.7,0,,-122.7
13_alcohols_14,['C'],"['C', 'F', 'C']","['C', 'F', 'F', 'F', 'F', 'C']","['C', 'F', 'F', 'F', 'F', 'C']","['C', 'F', 'F', 'F', 'F', 'C']","['C', 'H', 'H', 'F', 'F', 'C']",-122.7,0,,-122.7
16_alcohols_14,['C'],"['C', 'F', 'C']","['C', 'F', 'F', 'F', 'F', 'C']","['C', 'F', 'F', 'F', 'F', 'C']","['C', 'F', 'F', 'F', 'F', 'C']","['C', 'F', 'F', 'F', 'F', 'C']",-122.7,0,,-122.7
19_alcohols_14,['C'],"['C', 'F', 'C']","['C', 'F', 'F', 'F', 'F', 'C']","['C', 'F', 'F', 'F', 'F', 'C']","['C', 'F', 'F', 'F', 'F', 'C']","['C', 'F', 'F', 'F', 'F', 'F']",-122.85,0,,-122.85
22_alcohols_14,['C'],"['C', 'F', 'C']","['C', 'F', 'F', 'F', 'F', 'C']","['C', 'F', 'F', 'F', 'F', 'C']","['C', 'F', 'F', 'F', 'F', 'F']","['C', 'F', 'F']",-123.7,0,,-123.7
25_alcohols_14,['C'],"['C', 'F', 'C']","['C', 'F', 'F', 'F', 'F', 'C']","['C', 'F', 'F', 'F', 'F', 'F']","['C', 'F', 'F']","['C', 'F', 'F']",-124.75,0,,-124.75
28_alcohols_14,['C'],"['C', 'F', 'C']","['C', 'F', 'F', 'F', 'F', 'F']","['C', 'F', 'F']","['C', 'F', 'F']","['C', 'F', 'F']",-127.27,0,,-127.27
10_other_10,['C'],"['C', 'F', 'C']","['C', 'F', 'F', 'F', 'F', 'C']","['C', 'H', 'H', 'F', 'F', 'C']","['P', 'H', 'H', 'F', 'F', 'C']","['O', 'O', 'O', 'F', 'F', 'F']",-122.93,0,,-122.93
13_other_10,['C'],"['C', 'F', 'C']","['C', 'F', 'F', 'F', 'F', 'C']","['C', 'F', 'F', 'F', 'F', 'C']","['C', 'H', 'H', 'F', 'F', 'F']","['P', 'H', 'H']",-123.9,0,,-123.9
16_other_10,['C'],"['C', 'F', 'C']","['C', 'F', 'F', 'F', 'F', 'C']","['C', 'F', 'F', 'F', 'F', 'F']","['C', 'F', 'F']","['C', 'H', 'H']",-124.51,0,,-124.51
19_other_10,['C'],"['C', 'F', 'C']","['C', 'F', 'F', 'F', 'F', 'F']","['C', 'F', 'F']","['C', 'F', 'F']","['C', 'F', 'F']",-127.34,0,,-127.34
10_other_11,['C'],"['C', 'F', 'C']","['C', 'F', 'F', 'F', 'F', 'C']","['C', 'H', 'H', 'F', 'F', 'C']","['P', 'H', 'H', 'F', 'F', 'C']","['O', 'O', 'O', 'F', 'F', 'C']",-122.69,0,,-122.69
13_other_11,['C'],"['C', 'F', 'C']","['C', 'F', 'F', 'F', 'F', 'C']","['C', 'F', 'F', 'F', 'F', 'C']","['C', 'H', 'H', 'F', 'F', 'C']","['P', 'H', 'H', 'F', 'F', 'C']",-122.83,0,,-122.83
16_other_11,['C'],"['C', 'F', 'C']","['C', 'F', 'F', 'F', 'F', 'C']","['C', 'F', 'F', 'F', 'F', 'C']","['C', 'F', 'F', 'F', 'F', 'C']","['C', 'H', 'H', 'F', 'F', 'C']",-122.83,0,,-122.83
19_other_11,['C'],"['C', 'F', 'C']","['C', 'F', 'F', 'F', 'F', 'C']","['C', 'F', 'F', 'F', 'F', 'C']","['C', 'F', 'F', 'F', 'F', 'C']","['C', 'F', 'F', 'F', 'F', 'C']",-122.83,0,,-122.83
22_other_11,['C'],"['C', 'F', 'C']","['C', 'F', 'F', 'F', 'F', 'C']","['C', 'F', 'F', 'F', 'F', 'C']","['C', 'F', 'F', 'F', 'F', 'C']","['C', 'F', 'F', 'F', 'F', 'F']",-122.83,0,,-122.83
25_other_11,['C'],"['C', 'F', 'C']","['C', 'F', 'F', 'F', 'F', 'C']","['C', 'F', 'F', 'F', 'F', 'C']","['C', 'F', 'F', 'F', 'F', 'F']","['C', 'F', 'F']",-123.69,0,,-123.69
28_other_11,['C'],"['C', 'F', 'C']","['C', 'F', 'F', 'F', 'F', 'C']","['C', 'F', 'F', 'F', 'F', 'F']","['C', 'F', 'F']","['C', 'F', 'F']",-124.45,0,,-124.45
31_other_11,['C'],"['C', 'F', 'C']","['C', 'F', 'F', 'F', 'F', 'F']","['C', 'F', 'F']","['C', 'F', 'F']","['C', 'F', 'F']",-127.26,0,,-127.26
8_other_12,['C'],"['C', 'F', 'C']","['S', 'F', 'F', 'F', 'F', 'C']","['N', 'O', 'O', 'F', 'F', 'C']","['H', 'H', 'F', 'F', 'C']","['F', 'F', 'C']",-121.33,0,,-121.33
11_other_12,['C'],"['C', 'F', 'C']","['C', 'F', 'F', 'F', 'F', 'C']","['S', 'F', 'F', 'F', 'F', 'C']","['N', 'O', 'O', 'F', 'F', 'C']","['H', 'H', 'F', 'F', 'C']",-122.7,0,,-122.7
14_other_12,['C'],"['C', 'F', 'C']","['C', 'F', 'F', 'F', 'F', 'C']","['C', 'F', 'F', 'F', 'F', 'C']","['S', 'F', 'F', 'F', 'F', 'C']","['N', 'O', 'O', 'F', 'F', 'F']",-122.91,0,,-122.91
17_other_12,['C'],"['C', 'F', 'C']","['C', 'F', 'F', 'F', 'F', 'C']","['C', 'F', 'F', 'F', 'F', 'C']","['C', 'F', 'F', 'F', 'F', 'F']","['S', 'F', 'F']",-123.7,0,,-123.7
20_other_12,['C'],"['C', 'F', 'C']","['C', 'F', 'F', 'F', 'F', 'C']","['C', 'F', 'F', 'F', 'F', 'F']","['C', 'F', 'F']","['C', 'F', 'F']",-123.7,0,,-123.7
23_other_12,['C'],"['C', 'F', 'C']","['C', 'F', 'F', 'F', 'F', 'F']","['C', 'F', 'F']","['C', 'F', 'F']","['C', 'F', 'F']",-127.29,0,,-127.29
13_other_13,['C'],"['C', 'F', 'C']","['S', 'F', 'F', 'F', 'F', 'C']","['N', 'O', 'O', 'F', 'F', 'C']","['C', 'C', 'F', 'F', 'C']","['H', 'H', 'H', 'C', 'H', 'H', 'F', 'F', 'C']",-121.4,0,,-121.4
16_other_13,['C'],"['C', 'F', 'C']","['C', 'F', 'F', 'F', 'F', 'C']","['S', 'F', 'F', 'F', 'F', 'C']","['N', 'O', 'O', 'F', 'F', 'C']","['C', 'C', 'F', 'F', 'C']",-122.59,0,,-122.59
19_other_13,['C'],"['C', 'F', 'C']","['C', 'F', 'F', 'F', 'F', 'C']","['C', 'F', 'F', 'F', 'F', 'C']","['S', 'F', 'F', 'F', 'F', 'C']","['N', 'O', 'O', 'F', 'F', 'F']",-122.72,0,,-122.72
22_other_13,['C'],"['C', 'F', 'C']","['C', 'F', 'F', 'F', 'F', 'C']","['C', 'F', 'F', 'F', 'F', 'C']","['C', 'F', 'F', 'F', 'F', 'F']","['S', 'F', 'F']",-122.89,0,,-122.89
25_other_13,['C'],"['C', 'F', 'C']","['C', 'F', 'F', 'F', 'F', 'C']","['C', 'F', 'F', 'F', 'F', 'F']","['C', 'F', 'F']","['C', 'F', 'F']",-123.71,0,,-123.71
28_other_13,['C'],"['C', 'F', 'C']","['C', 'F', 'F', 'F', 'F', 'F']","['C', 'F', 'F']","['C', 'F', 'F']","['C', 'F', 'F']",-127.27,0,,-127.27
14_other_14,['C'],"['C', 'F', 'C']","['S', 'F', 'F', 'F', 'F', 'C']","['N', 'O', 'O', 'F', 'F', 'C']","['C', 'C', 'F', 'F', 'C']","['C', 'H', 'H', 'C', 'H', 'H', 'F', 'F', 'C']",-121.29,0,,-121.29
17_other_14,['C'],"['C', 'F', 'C']","['C', 'F', 'F', 'F', 'F', 'C']","['S', 'F', 'F', 'F', 'F', 'C']","['N', 'O', 'O', 'F', 'F', 'C']","['C', 'C', 'F', 'F', 'C']",-122.58,0,,-122.58
20_other_14,['C'],"['C', 'F', 'C']","['C', 'F', 'F', 'F', 'F', 'C']","['C', 'F', 'F', 'F', 'F', 'C']","['S', 'F', 'F', 'F', 'F', 'C']","['N', 'O', 'O', 'F', 'F', 'F']",-122.73,0,,-122.73
23_other_14,['C'],"['C', 'F', 'C']","['C', 'F', 'F', 'F', 'F', 'C']","['C', 'F', 'F', 'F', 'F', 'C']","['C', 'F', 'F', 'F', 'F', 'F']","['S', 'F', 'F']",-122.89,0,,-122.89
26_other_14,['C'],"['C', 'F', 'C']","['C', 'F', 'F', 'F', 'F', 'C']","['C', 'F', 'F', 'F', 'F', 'F']","['C', 'F', 'F']","['C', 'F', 'F']",-123.71,0,,-123.71
29_other_14,['C'],"['C', 'F', 'C']","['C', 'F', 'F', 'F', 'F', 'F']","['C', 'F', 'F']","['C', 'F', 'F']","['C', 'F', 'F']",-127.26,0,,-127.26
7_From_Review_393,['C'],"['C', 'F', 'C']","['C', 'F', 'F', 'F', 'F', 'H']","['C', 'H', 'H']","['C', 'H']","['H', 'H']",-132,0,,-132
10_From_Review_394,['C'],"['C', 'F', 'C']","['C', 'F', 'F', 'F', 'F', 'C']","['C', 'H', 'H', 'C', 'H', 'H']","['H', 'H', 'H', 'H']",[],-139,1,-139,
9_From_Review_395,['C'],"['C', 'F', 'C']","['C', 'F', 'F', 'F', 'F', 'C']","['C', 'H', 'H', 'F', 'F', 'C']","['H', 'H', 'H', 'H']",[],-135,1,-135,
12_From_Review_395,['C'],"['C', 'F', 'C']","['C', 'F', 'F', 'F', 'F', 'C']","['C', 'F', 'F', 'C', 'H', 'H']","['H', 'H', 'H', 'H']",[],-135,1,-135,
0_From_Review_396,['C'],"['F', 'C', 'C']","['F', 'F', 'C', 'C', 'F', 'F']","['F', 'F', 'C', 'C', 'F', 'F']","['F', 'F', 'F', 'F']",[],-159,1,-159,
4_From_Review_396,['C'],"['C', 'F', 'C']","['F', 'F', 'C', 'F', 'F', 'C']","['C', 'F', 'F', 'F', 'F', 'C']","['F', 'F', 'F', 'F']",[],-159,1,-159,
7_From_Review_396,['C'],"['C', 'F', 'C']","['C', 'F', 'F', 'F', 'F', 'C']","['F', 'F', 'C', 'F', 'F', 'C']","['F', 'F', 'F', 'F']",[],-159,1,-159,
6_From_Review_399,['C'],"['C', 'F', 'C']","['O', 'F', 'F', 'F', 'F', 'F']",['C'],"['H', 'H', 'H']",[],-130,0,,-130
10_From_Review_400,['C'],"['C', 'F', 'C']","['S', 'F', 'F', 'F', 'F', 'F']",['C'],"['C', 'C']","['C', 'H', 'C', 'H']",-123,0,,-123
16_From_Review_401,['C'],"['C', 'F', 'C']","['C', 'F', 'F', 'F', 'F', 'F']","['C', 'H', 'H']","['C', 'H', 'H']","['C', 'H', 'H']",-128,0,,-128
6_From_Review_402,['C'],"['C', 'F', 'C']","['C', 'F', 'F', 'F', 'F', 'F']","['O', 'H', 'H']",['H'],[],-128,0,,-128
7_From_Review_403,['C'],"['C', 'F', 'C']","['C', 'F', 'F', 'F', 'F', 'F']","['O', 'O']",['H'],[],-127,0,,-127
14_From_Review_404,['C'],"['C', 'F', 'C']","['C', 'F', 'F', 'F', 'F', 'F']","['C', 'C', 'C']","['O', 'O', 'H', 'H', 'H', 'O', 'O']","['C', 'H']",-121,0,,-121
5_From_Review_405,['C'],"['C', 'F', 'C']","['F', 'F', 'F', 'F', 'F', 'C']",['C'],['C'],"['C', 'C']",-127,0,,-127
5_From_Review_411,['C'],"['C', 'F', 'C']","['F', 'F', 'F', 'F', 'F', 'C']","['F', 'F', 'S']",['C'],"['C', 'H', 'H']",-123,0,,-123
8_From_Review_411,['C'],"['C', 'F', 'C']","['C', 'F', 'F', 'F', 'F', 'S']","['F', 'F', 'F', 'C']","['C', 'H', 'H']","['C', 'C']",-118,0,,-118
6_From_Review_412,['C'],"['C', 'F', 'C']","['C', 'F', 'F', 'F', 'F', 'C']","['C', 'H', 'H', 'F', 'F', 'F']","['H', 'H', 'H']",[],-123,0,,-123
9_From_Review_412,['C'],"['C', 'F', 'C']","['C', 'F', 'F', 'F', 'F', 'F']","['C', 'F', 'F']","['C', 'H', 'H']","['H', 'H', 'H']",-125,0,,-125
7_From_Review_413,['C'],"['C', 'F', 'C']","['C', 'F', 'F', 'F', 'F', 'C']","['O', 'O', 'F', 'F', 'F']",['H'],[],-123,0,,-123
5_From_Review_414,['C'],"['C', 'F', 'C']","['F', 'F', 'F', 'F', 'F', 'C']","['F', 'F', 'I']",[],[],-126,0,,-126
8_From_Review_414,['C'],"['C', 'F', 'C']","['C', 'F', 'F', 'F', 'F', 'I']","['F', 'F', 'F']",[],[],-114,0,,-114
5_From_Review_415,['C'],"['C', 'F', 'C']","['F', 'F', 'F', 'F', 'F', 'C']","['F', 'F', 'C']","['C', 'C']","['C', 'H', 'C', 'H']",-126,0,,-126
8_From_Review_415,['C'],"['C', 'F', 'C']","['C', 'F', 'F', 'F', 'F', 'C']","['F', 'F', 'F', 'C', 'C']","['C', 'H', 'C', 'H']","['C', 'H', 'C', 'H']",-123,0,,-123
8_From_Review_419,['C'],"['C', 'F', 'C']","['C', 'F', 'F', 'F', 'F', 'C']","['C', 'H', 'H', 'F', 'F', 'C']","['O', 'O', 'F', 'F', 'C']","['H', 'F', 'F', 'F']",-121.4,0,,-121.4
11_From_Review_419,['C'],"['C', 'F', 'C']","['C', 'F', 'F', 'F', 'F', 'C']","['C', 'F', 'F', 'F', 'F', 'C']","['C', 'H', 'H', 'F', 'F', 'F']","['O', 'O']",-122.5,0,,-122.5
14_From_Review_419,['C'],"['C', 'F', 'C']","['C', 'F', 'F', 'F', 'F', 'C']","['C', 'F', 'F', 'F', 'F', 'F']","['C', 'F', 'F']","['C', 'H', 'H']",-122.4,0,,-122.4
17_From_Review_419,['C'],"['C', 'F', 'C']","['C', 'F', 'F', 'F', 'F', 'F']","['C', 'F', 'F']","['C', 'F', 'F']","['C', 'F', 'F']",-125.8,0,,-125.8
9_From_Review_420,['C'],"['C', 'F', 'C']","['C', 'F', 'F', 'F', 'F', 'C']","['C', 'H', 'H', 'F', 'F', 'C']","['C', 'H', 'H', 'F', 'F', 'F']","['O', 'O']",-123.4,0,,-123.4
12_From_Review_420,['C'],"['C', 'F', 'C']","['C', 'F', 'F', 'F', 'F', 'C']","['C', 'F', 'F', 'F', 'F', 'F']","['C', 'H', 'H']","['C', 'H', 'H']",-122.3,0,,-122.3
15_From_Review_420,['C'],"['C', 'F', 'C']","['C', 'F', 'F', 'F', 'F', 'F']","['C', 'F', 'F']","['C', 'F', 'F']","['C', 'H', 'H']",-126,0,,-126
4_From_Review_421,['C'],"['C', 'F', 'C']","['F', 'F', 'H', 'F', 'F', 'C']","['F', 'F', 'F']",[],[],-130,0,,-130
7_From_Review_421,['C'],"['C', 'F', 'C']","['C', 'F', 'F', 'F', 'F', 'F']","['F', 'F', 'H']",[],[],-128,0,,-128
5_From_Review_422,['C'],"['C', 'F', 'C']","['F', 'F', 'F', 'F', 'F', 'F']",[],[],[],-132,0,,-132
8_From_Review_423,['C'],"['C', 'F', 'C']","['C', 'F', 'F', 'F', 'F', 'F']","['F', 'F', 'F']",[],[],-127,0,,-127
8_From_Review_424,['C'],"['C', 'F', 'C']","['C', 'F', 'F', 'F', 'F', 'C']","['F', 'F', 'F', 'F', 'F', 'F']",[],[],-123,0,,-123
5_From_Review_425,['C'],"['C', 'F', 'C']","['F', 'F', 'F', 'F', 'C', 'C']","['F', 'F', 'F', 'F', 'F', 'F']",[],[],-119,0,,-119
5_From_Review_426,['C'],"['C', 'F', 'C']","['F', 'F', 'F', 'F', 'F', 'C']","['F', 'C', 'C']","['F', 'F', 'F', 'F', 'F', 'F']",[],-124.8,0,,-124.8
5_From_Review_430,['C'],"['C', 'F', 'C']","['F', 'F', 'F', 'F', 'F', 'C']","['F', 'F', 'C']","['F', 'F', 'C']","['F', 'F', 'C']",-126.1,0,,-126.1
8_From_Review_430,['C'],"['C', 'F', 'C']","['C', 'F', 'F', 'F', 'F', 'C']","['F', 'F', 'F', 'F', 'F', 'C']","['F', 'F', 'C']","['F', 'F', 'C']",-122.5,0,,-122.5
11_From_Review_430,['C'],"['C', 'F', 'C']","['C', 'F', 'F', 'F', 'F', 'C']","['C', 'F', 'F', 'F', 'F', 'C']","['F', 'F', 'F', 'F', 'F', 'C']","['F', 'F', 'F']",-121.7,0,,-121.7
14_From_Review_430,['C'],"['C', 'F', 'C']","['C', 'F', 'F', 'F', 'F', 'C']","['C', 'F', 'F', 'F', 'F', 'C']","['C', 'F', 'F', 'F', 'F', 'F']","['F', 'F', 'F']",-121.7,0,,-121.7
17_From_Review_430,['C'],"['C', 'F', 'C']","['C', 'F', 'F', 'F', 'F', 'C']","['C', 'F', 'F', 'F', 'F', 'F']","['C', 'F', 'F']","['C', 'F', 'F']",-122.5,0,,-122.5
20_From_Review_430,['C'],"['C', 'F', 'C']","['C', 'F', 'F', 'F', 'F', 'F']","['C', 'F', 'F']","['C', 'F', 'F']","['C', 'F', 'F']",-126.1,0,,-126.1
20_From_Review_431,['C'],"['C', 'F', 'C']","['C', 'F', 'F', 'F', 'F', 'Cl']","['C', 'F', 'F']","['C', 'F', 'F']","['C', 'F', 'F']",-120.6,0,,-120.6
20_From_Review_432,['C'],"['C', 'F', 'C']","['C', 'F', 'F', 'F', 'F', 'Br']","['C', 'F', 'F']","['C', 'F', 'F']","['C', 'F', 'F']",-117.7,0,,-117.7
20_From_Review_433,['C'],"['C', 'F', 'C']","['C', 'F', 'F', 'F', 'F', 'I']","['C', 'F', 'F']","['C', 'F', 'F']","['C', 'F', 'F']",-113.5,0,,-113.5
7_From_Review_437,['C'],"['C', 'F', 'C']","['C', 'F', 'F', 'F', 'F', 'C']","['O', 'O', 'F', 'F', 'C']","['H', 'F', 'F', 'C']","['F', 'F', 'C']",-123.4,0,,-123.4
10_From_Review_437,['C'],"['C', 'F', 'C']","['C', 'F', 'F', 'F', 'F', 'C']","['C', 'F', 'F', 'F', 'F', 'C']","['O', 'O', 'F', 'F', 'C']","['H', 'F', 'F', 'F']",-121.9,0,,-121.9
13_From_Review_437,['C'],"['C', 'F', 'C']","['C', 'F', 'F', 'F', 'F', 'C']","['C', 'F', 'F', 'F', 'F', 'C']","['C', 'F', 'F', 'F', 'F', 'F']","['O', 'O']",-122.2,0,,-122.2
16_From_Review_437,['C'],"['C', 'F', 'C']","['C', 'F', 'F', 'F', 'F', 'C']","['C', 'F', 'F', 'F', 'F', 'F']","['C', 'F', 'F']","['C', 'F', 'F']",-122.9,0,,-122.9
19_From_Review_437,['C'],"['C', 'F', 'C']","['C', 'F', 'F', 'F', 'F', 'F']","['C', 'F', 'F']","['C', 'F', 'F']","['C', 'F', 'F']",-126.2,0,,-126.2
9_From_Review_448,['C'],"['C', 'F', 'C']","['C', 'F', 'F', 'F', 'F', 'C']","['C', 'F', 'F', 'F', 'F']","['F', 'F']",[],-127,0,,-127
12_From_Review_448,['C'],"['C', 'F', 'C']","['C', 'F', 'F', 'F', 'F', 'F']","['C', 'F', 'F']","['C', 'F']","['F', 'F']",-129,0,,-129
9_From_Review_449,['C'],"['C', 'F', 'C']","['C', 'F', 'F', 'F', 'F', 'C']","['C', 'F', 'F', 'F', 'H']","['F', 'F']",[],-125.5,0,,-125.5
12_From_Review_449,['C'],"['C', 'F', 'C']","['C', 'F', 'F', 'F', 'F', 'H']","['C', 'F', 'F']","['C', 'F']","['F', 'F']",-129.8,0,,-129.8
,,,,,,MAX,-112.81,,-135,-112.81
,,,,,,MIN,-159,,-159,-132
,,,,,,MEAN,-123.6809292,,-147.6666667,-123.4297696
,,,,,,,,No. Data points,6,573