,0,1,2,3,4,5,NMR_Peaks,OnRing,OnRing,NotOnRing,O-C(F)=C-
5_COOH_16,['C'],"['C', 'C']","['C', 'H', 'F', 'F', 'C']","['O', 'O', 'F', 'F', 'C']","['H', 'F', 'F', 'F']",[],-109.19,0,,-109.19,
5_COOH_17,['C'],"['C', 'C']","['C', 'H', 'F', 'F', 'C']","['O', 'O', 'F', 'F', 'C']","['H', 'F', 'F', 'C']","['F', 'F', 'C']",-109.08,0,,-109.08,
5_COOH_18,['C'],"['C', 'C']","['C', 'H', 'F', 'F', 'C']","['O', 'O', 'F', 'F', 'C']","['H', 'F', 'F', 'C']","['F', 'F', 'C']",-109.02,0,,-109.02,
5_COOH_19,['C'],"['C', 'C']","['C', 'H', 'F', 'F', 'C']","['O', 'O', 'F', 'F', 'C']","['H', 'F', 'F', 'C']","['F', 'F', 'C']",-108.98,0,,-108.98,
0_aromatics_12,['C'],"['C', 'C']","['C', 'H', 'C', 'H']","['C', 'H', 'C', 'H']","['F', 'F']",[],-119.85,1,-119.85,,
0_aromatics_13,['C'],"['C', 'C']","['C', 'H', 'C', 'F']","['C', 'H', 'C', 'F']","['H', 'H']",[],-135.16,1,-135.16,,
6_aromatics_13,['C'],"['C', 'C']","['C', 'H', 'F', 'C']","['C', 'H', 'F', 'C']","['H', 'H']",[],-135.16,1,-135.16,,
8_aromatics_13,['C'],"['C', 'C']","['C', 'F', 'F', 'C']","['C', 'H', 'C', 'H']","['H', 'H']",[],-161.56,1,-161.56,,
0_aromatics_14,['C'],"['C', 'C']","['C', 'H', 'C', 'H']","['C', 'H', 'C', 'F']","['F', 'F']",[],-115.64,1,-115.64,,
5_aromatics_14,['C'],"['C', 'C']","['C', 'H', 'F', 'C']","['C', 'H', 'C', 'H']","['F', 'F']",[],-133.49,1,-133.49,,
7_aromatics_14,['C'],"['C', 'C']","['C', 'F', 'C', 'H']","['C', 'H', 'F', 'C']","['H', 'H']",[],-143.53,1,-143.53,,
3_aromatics_15,['C'],"['C', 'C']","['N', 'C', 'F', 'C']","['H', 'H', 'C', 'F', 'F', 'C']","['F', 'F']",[],-162.49,1,-162.49,,
5_aromatics_15,['C'],"['C', 'C']","['C', 'F', 'F', 'C']","['N', 'C', 'F', 'C']","['H', 'H', 'F', 'F']",[],-165.34,1,-165.34,,
7_aromatics_15,['C'],"['C', 'C']","['C', 'F', 'F', 'C']","['C', 'F', 'F', 'C']","['N', 'N']","['H', 'H', 'H', 'H']",-173.95,1,-173.95,,
9_aromatics_15,['C'],"['C', 'C']","['C', 'F', 'F', 'C']","['C', 'F', 'N', 'C']","['F', 'H', 'H', 'F']",[],-165.34,1,-165.34,,
11_aromatics_15,['C'],"['C', 'C']","['C', 'F', 'N', 'C']","['C', 'F', 'H', 'H', 'F', 'C']","['F', 'F']",[],-162.49,1,-162.49,,
5_aromatics_16,['C'],"['C', 'C']","['C', 'C', 'F', 'C']","['O', 'O', 'C', 'F', 'F', 'C']","['H', 'F', 'F']",[],-138.87,1,-138.87,,
7_aromatics_16,['C'],"['C', 'C']","['C', 'F', 'F', 'C']","['C', 'C', 'F', 'C']","['O', 'O', 'F', 'F']",['H'],-161.22,1,-161.22,,
9_aromatics_16,['C'],"['C', 'C']","['C', 'F', 'F', 'C']","['C', 'F', 'F', 'C']","['C', 'C']","['O', 'O', 'O', 'O']",-150.09,1,-150.09,,
11_aromatics_16,['C'],"['C', 'C']","['C', 'F', 'F', 'C']","['C', 'F', 'C', 'C']","['F', 'O', 'O', 'F']",['H'],-161.22,1,-161.22,,
13_aromatics_16,['C'],"['C', 'C']","['C', 'F', 'C', 'C']","['C', 'F', 'O', 'O', 'F', 'C']","['F', 'H', 'F']",[],-138.87,1,-138.87,,
0_aromatics_17,['C'],"['C', 'C']","['C', 'H', 'C', 'F']","['F', 'C', 'C', 'F']","['F', 'F']",[],-138.56,1,-138.56,,
4_aromatics_17,['C'],"['C', 'C']","['C', 'H', 'F', 'C']","['F', 'C', 'F', 'C']","['F', 'F']",[],-138.56,1,-138.56,,
6_aromatics_17,['C'],"['C', 'C']","['C', 'F', 'F', 'C']","['C', 'H', 'F', 'C']","['F', 'F']",[],-162.05,1,-162.05,,
8_aromatics_17,['C'],"['C', 'C']","['C', 'F', 'F', 'C']","['C', 'F', 'F', 'C']","['H', 'H']",[],-153.68,1,-153.68,,
10_aromatics_17,['C'],"['C', 'C']","['C', 'F', 'F', 'C']","['C', 'F', 'C', 'H']","['F', 'F']",[],-162.05,1,-162.05,,
3_aromatics_18,['C'],"['C', 'C']","['O', 'C', 'F', 'C']","['H', 'C', 'F', 'F', 'C']","['F', 'F']",[],-163.05,1,-163.05,,
5_aromatics_18,['C'],"['C', 'C']","['C', 'F', 'F', 'C']","['O', 'C', 'F', 'C']","['H', 'F', 'F']",[],-165.02,1,-165.02,,
7_aromatics_18,['C'],"['C', 'C']","['C', 'F', 'F', 'C']","['C', 'F', 'F', 'C']","['O', 'O']","['H', 'H']",-169.87,1,-169.87,,
9_aromatics_18,['C'],"['C', 'C']","['C', 'F', 'F', 'C']","['C', 'F', 'O', 'C']","['F', 'H', 'F']",[],-165.02,1,-165.02,,
11_aromatics_18,['C'],"['C', 'C']","['C', 'F', 'O', 'C']","['C', 'F', 'H', 'F', 'C']","['F', 'F']",[],-163.5,1,-163.5,,
0_aromatics_19,['C'],"['C', 'C']","['F', 'C', 'C', 'F']","['F', 'C', 'C', 'F']","['C', 'C']","['C', 'C', 'C', 'C']",-150,1,-150,,
3_aromatics_19,['C'],"['C', 'C']","['F', 'C', 'F', 'C']","['C', 'F', 'C', 'C']","['F', 'C', 'C', 'F']","['F', 'C', 'C', 'F']",-160.53,1,-160.53,,
5_aromatics_19,['C'],"['C', 'C']","['C', 'F', 'C', 'C']","['F', 'C', 'C', 'C', 'F', 'C']","['F', 'F', 'C', 'C', 'F', 'F']","['F', 'C', 'C', 'F']",-137.57,1,-137.57,,
9_aromatics_19,['C'],"['C', 'C']","['C', 'C', 'F', 'C']","['C', 'C', 'C', 'F', 'F', 'C']","['C', 'F', 'F', 'C', 'F', 'F']","['C', 'F', 'F', 'C']",-137.57,1,-137.57,,
11_aromatics_19,['C'],"['C', 'C']","['C', 'F', 'F', 'C']","['C', 'C', 'F', 'C']","['C', 'C', 'F', 'F']","['C', 'F', 'F', 'C']",-160.53,1,-160.53,,
13_aromatics_19,['C'],"['C', 'C']","['C', 'F', 'F', 'C']","['C', 'F', 'F', 'C']","['C', 'C']","['C', 'C', 'C', 'C']",-150,1,-150,,
15_aromatics_19,['C'],"['C', 'C']","['C', 'F', 'F', 'C']","['C', 'F', 'C', 'C']","['F', 'C', 'C', 'F']","['C', 'F', 'F', 'C']",-160.53,1,-160.53,,
17_aromatics_19,['C'],"['C', 'C']","['C', 'F', 'C', 'C']","['C', 'F', 'C', 'C', 'F', 'C']","['F', 'C', 'F', 'F', 'C', 'F']","['C', 'F', 'F', 'C']",-137.57,1,-137.57,,
19_aromatics_19,['C'],"['C', 'C']","['C', 'C', 'F', 'C']","['C', 'F', 'C', 'C', 'F', 'C']","['F', 'F', 'C', 'C', 'F', 'F']","['F', 'C', 'C', 'F']",-137.57,1,-137.57,,
21_aromatics_19,['C'],"['C', 'C']","['C', 'F', 'F', 'C']","['C', 'C', 'F', 'C']","['F', 'C', 'C', 'F']","['F', 'C', 'C', 'F']",-160.53,1,-160.53,,
0_aromatics_20,['C'],"['C', 'C']","['F', 'C', 'C', 'F']","['F', 'C', 'C', 'C']","['C', 'C', 'F', 'C']","['F', 'C', 'C', 'F', 'F', 'C']",-145.29,1,-145.29,,
3_aromatics_20,['C'],"['C', 'C']","['F', 'C', 'F', 'C']","['C', 'F', 'C', 'C']","['C', 'F', 'C', 'C']","['C', 'F', 'F', 'C', 'C', 'F']",-145.29,1,-145.29,,
5_aromatics_20,['C'],"['C', 'C']","['C', 'F', 'C', 'C']","['F', 'C', 'F', 'C', 'C', 'C']","['F', 'F', 'C', 'C', 'F', 'F']","['F', 'F']",-153.86,1,-153.86,,
8_aromatics_20,['C'],"['C', 'C']","['C', 'C', 'F', 'C']","['C', 'F', 'C', 'C', 'F', 'C']","['C', 'F', 'F', 'F', 'C', 'F']","['F', 'F']",-153.86,1,-153.86,,
10_aromatics_20,['C'],"['C', 'C']","['C', 'F', 'F', 'C']","['C', 'C', 'F', 'C']","['C', 'F', 'C', 'C']","['C', 'F', 'F', 'C', 'F', 'C']",-145.29,1,-145.29,,
12_aromatics_20,['C'],"['C', 'C']","['C', 'F', 'F', 'C']","['C', 'F', 'C', 'C']","['C', 'F', 'C', 'C']","['C', 'F', 'F', 'C', 'C', 'F']",-145.29,1,-145.29,,
14_aromatics_20,['C'],"['C', 'C']","['C', 'F', 'C', 'C']","['C', 'F', 'F', 'C', 'C', 'C']","['F', 'F', 'C', 'C', 'F', 'F']","['F', 'F']",-153.86,1,-153.86,,
0_From_Review_21,['C'],"['C', 'H']","['Cl', 'H']",[],[],[],-127.9,1,-127.9,,
2_From_Review_113,['C'],"['C', 'H']","['H', 'H']",[],[],[],-113,,,-113,
3_From_Review_114,['C'],"['C', 'H']","['C', 'H']","['H', 'H', 'H']",[],[],-130,,,-130,
6_From_Review_115,['C'],"['C', 'H']","['C', 'H']","['C', 'H', 'H']","['C', 'H', 'H']","['C', 'H', 'H']",-130,,,-130,
3_From_Review_116,['C'],"['C', 'H']","['C', 'H']","['H', 'H', 'H']",[],[],-131,,,-131,
6_From_Review_117,['C'],"['C', 'H']","['C', 'H']","['C', 'H', 'H']","['C', 'H', 'H']","['C', 'H', 'H']",-131,,,-131,
14_From_Review_118,['C'],"['C', 'H']","['C', 'C']","['C', 'H', 'H', 'H', 'H', 'H']","['C', 'H', 'H']","['C', 'H', 'H']",-137,,,-137,
3_From_Review_119,['C'],"['C', 'C']","['H', 'H', 'H', 'H', 'H']",[],[],[],-88,,,-88,
8_From_Review_120,['C'],"['C', 'C']","['C', 'H', 'C', 'H', 'H']","['C', 'H', 'H', 'C', 'H', 'H']","['C', 'H', 'H', 'C', 'H', 'H']","['C', 'H', 'H', 'C', 'H', 'H']",-111,,,-111,
8_From_Review_121,['C'],"['C', 'C']","['C', 'H', 'C', 'H', 'H']","['C', 'H', 'H', 'C', 'H', 'H']","['C', 'H', 'H', 'C', 'H', 'H']","['C', 'H', 'H', 'C', 'H', 'H']",-106,,,-106,
0_From_Review_122,['C'],"['C', 'C']","['C', 'H', 'C', 'H', 'H']","['C', 'H', 'H', 'C', 'H', 'H']","['H', 'H', 'H', 'H']",[],-101,1,-101,,
0_From_Review_123,['C'],"['C', 'C']","['C', 'H', 'C', 'H', 'H']","['C', 'H', 'H', 'C', 'H', 'H']","['C', 'H', 'H', 'C', 'H', 'H']","['C', 'H', 'H', 'C', 'H']",-125,1,-125,,
0_From_Review_124,['C'],"['C', 'C']","['C', 'H', 'C', 'H', 'H']","['H', 'H', 'H', 'H']",[],[],-85,1,-85,,
4_From_Review_125,['C'],"['C', 'H']","['C', 'H']","['C', 'H']","['H', 'H']",[],-127,,,-127,
4_From_Review_126,['C'],"['C', 'H']","['C', 'H']","['C', 'H']","['H', 'H']",[],-126,,,-126,
0_From_Review_127,['C'],"['C', 'H']","['C', 'H']","['C', 'C']","['C', 'H', 'C', 'H']","['C', 'H', 'C', 'H']",-130,,,-130,
0_From_Review_128,['C'],"['C', 'H']","['C', 'H']","['C', 'C']","['C', 'H', 'C', 'H']","['C', 'H', 'C', 'H']",-123,,,-123,
8_From_Review_129,['C'],"['C', 'C']","['C', 'H', 'C']","['C', 'C', 'C']","['C', 'H', 'C', 'H', 'C', 'C']","['C', 'H', 'C', 'H', 'C', 'H', 'C', 'H']",-105.5,,,-105.5,
8_From_Review_130,['C'],"['C', 'C']","['C', 'H', 'C']","['C', 'C', 'C']","['C', 'H', 'C', 'H', 'C', 'C']","['C', 'H', 'C', 'H', 'C', 'H', 'C', 'H']",-107.4,,,-107.4,
4_From_Review_131,['C'],"['C', 'C']","['C', 'H', 'H', 'H']","['H', 'H']",[],[],-120,,,-120,
2_From_Review_132,['C'],"['C', 'C']","['H', 'H', 'C', 'C']","['C', 'H', 'C', 'H']","['C', 'H', 'C', 'H']","['H', 'H']",-120,,,-120,
0_From_Review_133,['C'],"['C', 'H']","['C', 'H']","['O', 'H', 'H']",['C'],"['C', 'H', 'H']",-125,,,-125,
0_From_Review_134,['C'],"['C', 'H']","['C', 'H']","['O', 'H', 'H']",['C'],"['C', 'H', 'H']",-126,,,-126,
7_From_Review_135,['C'],"['C', 'H']","['C', 'H']","['O', 'H', 'H']",['C'],"['C', 'O']",-123,,,-123,
7_From_Review_136,['C'],"['C', 'H']","['C', 'H']","['O', 'H', 'H']",['C'],"['C', 'O']",-125,,,-125,
5_From_Review_137,['C'],"['C', 'C']","['C', 'H', 'H', 'C', 'H']","['C', 'H', 'H', 'O', 'H', 'H']","['C', 'H', 'H', 'H']","['H', 'H', 'H']",-106,,,-106,
4_From_Review_138,['C'],"['C', 'C']","['C', 'H', 'C', 'C']","['O', 'H', 'H', 'C', 'H', 'C', 'H']","['H', 'C', 'H', 'C', 'H']","['H', 'H']",-118,,,-118,
4_From_Review_139,['C'],"['C', 'C']","['C', 'H', 'C', 'C']","['O', 'H', 'H', 'C', 'H', 'C', 'H']","['H', 'C', 'H', 'C', 'H']","['H', 'H']",-98,,,-98,
2_From_Review_140,['C'],"['C', 'C']","['H', 'H', 'O', 'H', 'H']",['H'],[],[],-108,,,-108,
3_From_Review_141,['C'],"['C', 'C']","['O', 'H', 'H', 'C', 'H']","['H', 'C', 'C']","['C', 'H', 'C', 'H']","['C', 'H', 'C', 'H']",-114,,,-114,
3_From_Review_142,['C'],"['C', 'C']","['O', 'H', 'H', 'C', 'H']","['H', 'C', 'C']","['C', 'H', 'C', 'H']","['C', 'H', 'C', 'H']",-109,,,-109,
0_From_Review_143,['C'],"['C', 'H']","['C', 'H']","['Br', 'H', 'H']",[],[],-124,,,-124,
0_From_Review_144,['C'],"['C', 'H']","['C', 'H']","['Br', 'H', 'H']",[],[],-125,,,-125,
2_From_Review_145,['C'],"['C', 'C']","['H', 'H', 'Cl', 'H', 'H']",[],[],[],-101,,,-101,
2_From_Review_146,['C'],"['C', 'C']","['H', 'H', 'I', 'H', 'H']",[],[],[],-97,,,-97,
2_From_Review_147,['C'],"['C', 'Cl']","['H', 'H']",[],[],[],-68,,,-68,
0_From_Review_148,['C'],"['C', 'H']","['Cl', 'H']",[],[],[],-131,,,-131,
0_From_Review_149,['C'],"['C', 'H']","['Cl', 'H']",[],[],[],-128,,,-128,
0_From_Review_150,['C'],"['C', 'H']","['Cl', 'Cl']",[],[],[],-122,,,-122,
0_From_Review_151,['C'],"['Cl', 'C']","['Cl', 'Cl']",[],[],[],-80,,,-80,
0_From_Review_152,['C'],"['C', 'H']","['F', 'O']",['C'],"['F', 'F', 'F']",[],-188,,,-188,
3_From_Review_152,['C'],"['C', 'O']","['F', 'H', 'C']","['F', 'F', 'F']",[],[],-132,,,-132,-132
0_From_Review_153,['C'],"['C', 'H']","['F', 'O']",['C'],"['F', 'F', 'F']",[],-180,,,-180,
3_From_Review_153,['C'],"['C', 'O']","['F', 'H', 'C']","['F', 'F', 'F']",[],[],-105,,,-105,-105
3_From_Review_154,['C'],"['O', 'C']","['C', 'C', 'H']","['H', 'H', 'H', 'C', 'C']","['C', 'H', 'C', 'H']","['C', 'H', 'C', 'H']",-88,,,-88,-88
5_From_Review_155,['C'],"['C', 'C']","['C', 'H', 'H', 'F', 'H']","['C', 'H', 'H']","['C', 'H', 'H']","['H', 'H', 'H']",-160,,,-160,
7_From_Review_155,['C'],"['C', 'H']","['C', 'F']","['C', 'H', 'H']","['C', 'H', 'H']","['C', 'H', 'H']",-184,,,-184,
0_From_Review_156,['C'],"['C', 'H']","['F', 'Cl']",[],[],[],-174,,,-174,
3_From_Review_156,['C'],"['C', 'Cl']","['F', 'H']",[],[],[],-130,,,-130,
0_From_Review_157,['C'],"['C', 'H']","['F', 'Cl']",[],[],[],-156,,,-156,
3_From_Review_157,['C'],"['C', 'Cl']","['F', 'H']",[],[],[],-105,,,-105,
0_From_Review_158,['C'],"['Cl', 'C']","['F', 'Cl']",[],[],[],-120,,,-120,
4_From_Review_158,['C'],"['C', 'Cl']","['F', 'Cl']",[],[],[],-120,,,-120,
0_From_Review_159,['C'],"['Cl', 'C']","['F', 'Cl']",[],[],[],-106,,,-106,
4_From_Review_159,['C'],"['C', 'Cl']","['F', 'Cl']",[],[],[],-106,,,-106,
0_From_Review_160,['C'],"['C', 'H']","['F', 'I']",[],[],[],-159,,,-159,
3_From_Review_160,['C'],"['C', 'I']","['F', 'H']",[],[],[],-134,,,-134,
0_From_Review_161,['C'],"['C', 'H']","['F', 'I']",[],[],[],-136,,,-136,
3_From_Review_161,['C'],"['C', 'I']","['F', 'H']",[],[],[],-109,,,-109,
0_From_Review_162,['C'],"['C', 'H']","['F', 'C']","['C', 'C']","['C', 'H', 'C', 'H']","['C', 'H', 'C', 'H']",-175,,,-175,
3_From_Review_162,['C'],"['C', 'C']","['F', 'H', 'C', 'C']","['C', 'H', 'C', 'H']","['C', 'H', 'C', 'H']","['H', 'H']",-167,,,-167,
0_From_Review_163,['C'],"['C', 'H']","['F', 'C']","['C', 'C']","['C', 'H', 'C', 'H']","['C', 'H', 'C', 'H']",-165,,,-165,
3_From_Review_163,['C'],"['C', 'C']","['F', 'H', 'C', 'C']","['C', 'H', 'C', 'H']","['C', 'H', 'C', 'H']","['H', 'H']",-143,,,-143,
0_From_Review_164,['C'],"['I', 'C']","['F', 'C']","['C', 'C']","['C', 'H', 'C', 'H']","['C', 'H', 'C', 'H']",-101,,,-101,
4_From_Review_164,['C'],"['C', 'C']","['F', 'I', 'C', 'C']","['C', 'H', 'C', 'H']","['C', 'H', 'C', 'H']","['H', 'H']",-109,,,-109,
2_From_Review_165,['C'],"['C', 'C']","['H', 'H', 'H', 'F', 'C']","['O', 'H', 'H']",['H'],[],-145,,,-145,
4_From_Review_165,['C'],"['C', 'C']","['C', 'F', 'O', 'H', 'H']","['H', 'H', 'H', 'H']",[],[],-134,,,-134,
2_From_Review_166,['C'],"['C', 'C']","['H', 'H', 'H', 'F', 'C']","['O', 'H', 'H']",['H'],[],-127,,,-127,
4_From_Review_166,['C'],"['C', 'C']","['C', 'F', 'O', 'H', 'H']","['H', 'H', 'H', 'H']",[],[],-148,,,-148,
3_From_Review_167,['C'],"['C', 'C']","['O', 'H', 'H', 'F', 'Cl']",['H'],[],[],-152,,,-152,
5_From_Review_167,['C'],"['C', 'Cl']","['C', 'F']","['O', 'H', 'H']",['H'],[],-122,,,-122,
3_From_Review_168,['C'],"['C', 'C']","['O', 'H', 'H', 'F', 'Cl']",['H'],[],[],-141,,,-141,
5_From_Review_168,['C'],"['C', 'Cl']","['C', 'F']","['O', 'H', 'H']",['H'],[],-104,,,-104,
13_From_Review_169,['C'],"['C', 'H']","['C', 'H']","['O', 'O']",['C'],"['C', 'H', 'H']",-112,,,-112,
8_From_Review_170,['C'],"['C', 'H']","['C', 'C']","['C', 'H', 'H', 'O', 'O']","['C', 'H', 'H', 'C']","['C', 'H', 'H', 'H', 'H', 'H']",-117,,,-117,
5_From_Review_171,['C'],"['C', 'C']","['C', 'H', 'H', 'C', 'H']","['C', 'H', 'H', 'O', 'C']","['C', 'H', 'H', 'C', 'H', 'H']","['H', 'H', 'H', 'H', 'H', 'H']",-82,,,-82,
5_From_Review_172,['C'],"['C', 'C']","['C', 'H', 'H', 'C', 'H']","['C', 'H', 'H', 'O', 'C']","['C', 'H', 'H', 'C', 'H', 'H']","['H', 'H', 'H', 'H', 'H', 'H']",-78,,,-78,
3_From_Review_173,['C'],"['C', 'C']","['C', 'H', 'H', 'C', 'H']","['H', 'H', 'H', 'O', 'O']",['H'],[],-73,,,-73,
5_From_Review_174,['C'],"['C', 'C']","['C', 'H', 'H', 'C', 'H']","['C', 'H', 'H', 'O', 'O']","['C', 'H', 'H', 'C']","['H', 'H', 'H', 'H', 'H', 'H']",-76,,,-76,
5_From_Review_175,['C'],"['C', 'C']","['C', 'H', 'H', 'C', 'H']","['C', 'H', 'H', 'O', 'O']","['C', 'H', 'H', 'C']","['H', 'H', 'H', 'H', 'H', 'H']",-79,,,-79,
6_From_Review_176,['C'],"['C', 'C']","['C', 'H', 'C', 'C']","['O', 'O', 'C', 'H', 'C', 'H']","['C', 'C', 'H', 'C', 'H']","['H', 'H', 'H', 'H', 'H']",-97,,,-97,
2_From_Review_177,['C'],"['C', 'C']","['H', 'H', 'C', 'O']","['H', 'H', 'H']",[],[],-116,,,-116,
2_From_Review_178,['C'],"['C', 'C']","['H', 'H', 'O', 'O']",['C'],"['C', 'H', 'H']","['C', 'H', 'H']",-117,,,-117,
6_From_Review_179,['C'],"['C', 'C']","['O', 'O', 'C', 'H']","['C', 'C', 'C']","['C', 'H', 'H', 'C', 'H', 'C', 'H']","['H', 'H', 'H', 'C', 'H', 'C', 'H']",-126,,,-126,
6_From_Review_180,['C'],"['C', 'C']","['O', 'O', 'C', 'H']","['C', 'C', 'C']","['C', 'H', 'H', 'C', 'H', 'C', 'H']","['H', 'H', 'H', 'C', 'H', 'C', 'H']",-118,1,-118,,
9_From_Review_181,['C'],"['C', 'C']","['C', 'H', 'O', 'O']","['C', 'H', 'H', 'C']","['C', 'H', 'H', 'C', 'C', 'C']","['C', 'H', 'H', 'H', 'H', 'H', 'H', 'H', 'H', 'H', 'H', 'H']",-130.6,,,-130.6,
9_From_Review_182,['C'],"['C', 'C']","['C', 'H', 'O', 'O']","['C', 'H', 'H', 'C']","['C', 'H', 'H', 'C', 'C', 'C']","['C', 'H', 'H', 'H', 'H', 'H', 'H', 'H', 'H', 'H', 'H', 'H']",-121.3,,,-121.3,
0_From_Review_195,['C'],"['C', 'C']","['C', 'H', 'C', 'H']","['C', 'H', 'C', 'H']","['H', 'H']",[],-113,1,-113,,
0_From_Review_196,['C'],"['C', 'C']","['C', 'H', 'C', 'F']","['C', 'H', 'C', 'H']","['H', 'H']",[],-139,1,-139,,
7_From_Review_196,['C'],"['C', 'C']","['C', 'H', 'F', 'C']","['C', 'H', 'C', 'H']","['H', 'H']",[],-139,1,-139,,
0_From_Review_197,['C'],"['C', 'C']","['C', 'H', 'C', 'H']","['C', 'H', 'C', 'F']","['H', 'H']",[],-110,1,-110,,
6_From_Review_197,['C'],"['C', 'C']","['C', 'H', 'C', 'H']","['C', 'H', 'F', 'C']","['H', 'H']",[],-110,1,-110,,
0_From_Review_198,['C'],"['C', 'C']","['C', 'H', 'C', 'H']","['C', 'H', 'C', 'H']","['F', 'F']",[],-120,1,-120,,
0_From_Review_199,['C'],"['C', 'C']","['C', 'H', 'C', 'H']","['F', 'C', 'C', 'F']","['H', 'H']",[],-101,1,-101,,
4_From_Review_199,['C'],"['C', 'C']","['C', 'H', 'C', 'H']","['F', 'C', 'F', 'C']","['H', 'H']",[],-101,1,-101,,
7_From_Review_199,['C'],"['C', 'C']","['C', 'H', 'C', 'H']","['C', 'F', 'F', 'C']","['H', 'H']",[],-101,1,-101,,
0_From_Review_200,['C'],"['C', 'C']","['F', 'C', 'C', 'F']","['F', 'C', 'C', 'F']","['F', 'F']",[],-162,1,-162,,
3_From_Review_200,['C'],"['C', 'C']","['F', 'C', 'F', 'C']","['C', 'F', 'F', 'C']","['F', 'F']",[],-162,1,-162,,
5_From_Review_200,['C'],"['C', 'C']","['C', 'F', 'F', 'C']","['F', 'C', 'F', 'C']","['F', 'F']",[],-162,1,-162,,
7_From_Review_200,['C'],"['C', 'C']","['C', 'F', 'F', 'C']","['C', 'F', 'F', 'C']","['F', 'F']",[],-162,1,-162,,
0_From_Review_262,['C'],"['C', 'H']","['F', 'F']",[],[],[],-205,,,-205,
0_From_Review_264,['C'],"['C', 'H']","['F', 'H']",[],[],[],-186,,,-186,
0_From_Review_265,['C'],"['C', 'H']","['F', 'H']",[],[],[],-165,,,-165,
5_From_Review_266,['C'],"['C', 'C']","['C', 'H', 'H', 'F', 'F']","['C', 'H', 'H']","['C', 'H', 'H']","['H', 'H', 'H']",-174.8,,,-174.8,
4_From_Review_438,['C'],"['C', 'C']","['F', 'F', 'C', 'C']","['C', 'H', 'C', 'H']","['C', 'H', 'C', 'H']","['H', 'H']",-177,,,-177,
5_From_Review_439,['C'],"['C', 'C']","['C', 'H', 'H', 'F', 'F']","['C', 'H', 'H']","['O', 'H', 'H']",['H'],-176,,,-176,
3_From_Review_440,['C'],"['C', 'C']","['O', 'H', 'H', 'F', 'F']",['H'],[],[],-179,,,-179,
4_From_Review_441,['C'],"['C', 'Cl']","['F', 'F']",[],[],[],-143,,,-143,
4_From_Review_442,['C'],"['C', 'Br']","['F', 'F']",[],[],[],-145,,,-145,
4_From_Review_443,['C'],"['C', 'I']","['F', 'F']",[],[],[],-150,,,-150,
3_From_Review_444,['C'],"['O', 'C']","['C', 'F', 'F']","['H', 'H', 'H']",[],[],-138,,,-138,-138
4_From_Review_445,['C'],"['C', 'O']","['F', 'F', 'C']","['F', 'F', 'F']",[],[],-141,,,-141,-141
4_From_Review_446,['C'],"['C', 'S']","['F', 'F', 'C']","['F', 'F', 'F']",[],[],-155,,,-155,
4_From_Review_447,['C'],"['C', 'O']","['F', 'F', 'C']","['C', 'C']","['C', 'H', 'C', 'H']","['C', 'H', 'C', 'H']",-134,,,-134,-134
4_From_Review_448,['C'],"['C', 'C']","['F', 'F', 'F', 'F', 'C']","['F', 'F', 'C']","['F', 'F', 'C']","['F', 'F', 'F']",-193.4,,,-193.4,
4_From_Review_449,['C'],"['C', 'C']","['F', 'F', 'F', 'F', 'C']","['F', 'F', 'C']","['F', 'F', 'C']","['F', 'F', 'H']",-188.7,,,-188.7,
0_From_Review_450,['C'],"['C', 'C']","['F', 'C', 'C', 'Cl']","['Cl', 'C', 'C', 'F']","['F', 'F']",[],-140,1,-140,,
3_From_Review_450,['C'],"['C', 'C']","['F', 'C', 'Cl', 'C']","['C', 'Cl', 'F', 'C']","['F', 'F']",[],-140,1,-140,,
7_From_Review_450,['C'],"['C', 'C']","['C', 'Cl', 'F', 'C']","['C', 'F', 'Cl', 'C']","['F', 'F']",[],-140,1,-140,,
9_From_Review_450,['C'],"['C', 'C']","['C', 'F', 'Cl', 'C']","['C', 'Cl', 'F', 'C']","['F', 'F']",[],-140,1,-140,,
0_From_Review_451,['C'],"['C', 'C']","['C', 'H', 'C', 'F']","['F', 'C', 'C', 'Cl']","['F', 'F']",[],-138,1,-138,,
4_From_Review_451,['C'],"['C', 'C']","['C', 'H', 'F', 'C']","['F', 'C', 'Cl', 'C']","['F', 'F']",[],-138,1,-138,,
6_From_Review_451,['C'],"['C', 'C']","['C', 'F', 'Cl', 'C']","['C', 'H', 'F', 'C']","['F', 'F']",[],-141,1,-141,,
10_From_Review_451,['C'],"['C', 'C']","['C', 'Cl', 'F', 'C']","['C', 'F', 'C', 'H']","['F', 'F']",[],-141,1,-141,,
0_From_Review_452,['C'],"['C', 'C']","['C', 'H', 'C', 'F']","['F', 'C', 'C', 'Br']","['F', 'F']",[],-138,1,-138,,
4_From_Review_452,['C'],"['C', 'C']","['C', 'H', 'F', 'C']","['F', 'C', 'Br', 'C']","['F', 'F']",[],-138,1,-138,,
6_From_Review_452,['C'],"['C', 'C']","['C', 'F', 'Br', 'C']","['C', 'H', 'F', 'C']","['F', 'F']",[],-133,1,-133,,
10_From_Review_452,['C'],"['C', 'C']","['C', 'Br', 'F', 'C']","['C', 'F', 'C', 'H']","['F', 'F']",[],-133,1,-133,,
5_From_Review_453,['C'],"['C', 'C']","['C', 'C', 'F', 'C']","['N', 'O', 'C', 'F', 'C', 'H']","['H', 'H', 'F', 'F']",[],-138,1,-138,,
7_From_Review_453,['C'],"['C', 'C']","['C', 'F', 'C', 'H']","['C', 'C', 'F', 'C']","['N', 'O', 'F', 'F']","['H', 'H']",-158,1,-158,,
10_From_Review_453,['C'],"['C', 'C']","['C', 'H', 'F', 'C']","['C', 'F', 'C', 'C']","['F', 'N', 'O', 'F']","['H', 'H']",-158,1,-158,,
12_From_Review_453,['C'],"['C', 'C']","['C', 'F', 'C', 'C']","['C', 'H', 'N', 'O', 'F', 'C']","['F', 'H', 'H', 'F']",[],-138,1,-138,,
6_From_Review_454,['C'],"['C', 'C']","['C', 'C', 'F', 'C']","['C', 'C', 'F', 'C', 'C']","['C', 'F', 'F', 'F', 'F', 'F']","['O', 'H', 'H']",-142,1,-142,,
8_From_Review_454,['C'],"['C', 'C']","['C', 'F', 'C', 'C']","['C', 'C', 'F', 'F', 'F', 'F', 'C']","['C', 'F', 'F']",['C'],-136,1,-136,,
15_From_Review_454,['C'],"['C', 'C']","['C', 'C', 'F', 'C']","['C', 'F', 'F', 'F', 'F', 'C', 'C']","['F', 'C', 'F']",['C'],-136,1,-136,,
17_From_Review_454,['C'],"['C', 'C']","['C', 'F', 'C', 'C']","['C', 'C', 'C', 'F', 'C']","['F', 'F', 'F', 'F', 'C', 'F']","['O', 'H', 'H']",-142,1,-142,,
0_From_Review_455,['C'],"['C', 'C']","['F', 'C', 'C', 'Cl']","['C', 'C', 'C', 'F']","['F', 'F', 'F', 'F', 'F']",[],-138,1,-138,,
3_From_Review_455,['C'],"['C', 'C']","['F', 'C', 'C', 'C']","['C', 'Cl', 'F', 'F', 'F', 'F', 'C']","['F', 'F']",[],-139,1,-139,,
10_From_Review_455,['C'],"['C', 'C']","['C', 'C', 'F', 'C']","['C', 'F', 'F', 'F', 'F', 'Cl', 'C']","['F', 'F']",[],-139,1,-139,,
12_From_Review_455,['C'],"['C', 'C']","['C', 'F', 'Cl', 'C']","['C', 'C', 'F', 'C']","['F', 'F', 'F', 'F', 'F']",[],-138,1,-138,,
4_From_Review_456,['C'],"['C', 'C']","['O', 'C', 'F', 'C']","['C', 'C', 'F', 'Br', 'C']","['H', 'H', 'H', 'F', 'F']",[],-157,1,-157,,
6_From_Review_456,['C'],"['C', 'C']","['C', 'F', 'Br', 'C']","['O', 'C', 'F', 'C']","['C', 'F', 'F']","['H', 'H', 'H']",-135,1,-135,,
10_From_Review_456,['C'],"['C', 'C']","['C', 'Br', 'F', 'C']","['C', 'F', 'O', 'C']","['F', 'C', 'F']","['H', 'H', 'H']",-135,1,-135,,
12_From_Review_456,['C'],"['C', 'C']","['C', 'F', 'O', 'C']","['C', 'Br', 'C', 'F', 'C']","['F', 'H', 'H', 'H', 'F']",[],-157,1,-157,,
3_From_Review_457,['C'],"['C', 'C']","['O', 'C', 'F', 'C']","['H', 'C', 'F', 'F', 'C']","['F', 'F']",[],-164.4,1,-164.4,,
5_From_Review_457,['C'],"['C', 'C']","['C', 'F', 'F', 'C']","['O', 'C', 'F', 'C']","['H', 'F', 'F']",[],-165.8,1,-165.8,,
7_From_Review_457,['C'],"['C', 'C']","['C', 'F', 'F', 'C']","['C', 'F', 'F', 'C']","['O', 'O']","['H', 'H']",-171.2,1,-171.2,,
9_From_Review_457,['C'],"['C', 'C']","['C', 'F', 'F', 'C']","['C', 'F', 'O', 'C']","['F', 'H', 'F']",[],-165.8,1,-165.8,,
11_From_Review_457,['C'],"['C', 'C']","['C', 'F', 'O', 'C']","['C', 'F', 'H', 'F', 'C']","['F', 'F']",[],-164.4,1,-164.4,,
3_From_Review_458,['C'],"['C', 'C']","['C', 'C', 'F', 'C']","['H', 'H', 'H', 'C', 'F', 'F', 'C']","['F', 'F']",[],-143.9,1,-143.9,,
5_From_Review_458,['C'],"['C', 'C']","['C', 'F', 'F', 'C']","['C', 'C', 'F', 'C']","['H', 'H', 'H', 'F', 'F']",[],-164.4,1,-164.4,,
7_From_Review_458,['C'],"['C', 'C']","['C', 'F', 'F', 'C']","['C', 'F', 'F', 'C']","['C', 'C']","['H', 'H', 'H', 'H', 'H', 'H']",-159.1,1,-159.1,,
9_From_Review_458,['C'],"['C', 'C']","['C', 'F', 'F', 'C']","['C', 'F', 'C', 'C']","['F', 'H', 'H', 'H', 'F']",[],-164.4,1,-164.4,,
11_From_Review_458,['C'],"['C', 'C']","['C', 'F', 'C', 'C']","['C', 'F', 'H', 'H', 'H', 'F', 'C']","['F', 'F']",[],-143.9,1,-143.9,,
0_From_Review_459,['C'],"['C', 'C']","['C', 'H', 'C', 'F']","['F', 'C', 'C', 'F']","['F', 'F']",[],-138.7,1,-138.7,,
4_From_Review_459,['C'],"['C', 'C']","['C', 'H', 'F', 'C']","['F', 'C', 'F', 'C']","['F', 'F']",[],-138.7,1,-138.7,,
6_From_Review_459,['C'],"['C', 'C']","['C', 'F', 'F', 'C']","['C', 'H', 'F', 'C']","['F', 'F']",[],-162.6,1,-162.6,,
8_From_Review_459,['C'],"['C', 'C']","['C', 'F', 'F', 'C']","['C', 'F', 'F', 'C']","['H', 'H']",[],-154.3,1,-154.3,,
10_From_Review_459,['C'],"['C', 'C']","['C', 'F', 'F', 'C']","['C', 'F', 'C', 'H']","['F', 'F']",[],-162.6,1,-162.6,,
4_From_Review_460,['C'],"['C', 'C']","['C', 'C', 'F', 'C']","['N', 'C', 'F', 'F', 'C']","['F', 'F']",[],-132,1,-132,,
6_From_Review_460,['C'],"['C', 'C']","['C', 'F', 'F', 'C']","['C', 'C', 'F', 'C']","['N', 'F', 'F']",[],-158.9,1,-158.9,,
8_From_Review_460,['C'],"['C', 'C']","['C', 'F', 'F', 'C']","['C', 'F', 'F', 'C']","['C', 'C']","['N', 'N']",-143.2,1,-143.2,,
10_From_Review_460,['C'],"['C', 'C']","['C', 'F', 'F', 'C']","['C', 'F', 'C', 'C']","['F', 'N', 'F']",[],-158.9,1,-158.9,,
12_From_Review_460,['C'],"['C', 'C']","['C', 'F', 'C', 'C']","['C', 'F', 'N', 'F', 'C']","['F', 'F']",[],-132,1,-132,,
0_From_Review_461,['C'],"['C', 'C']","['C', 'H', 'N', 'F']","['C', 'H', 'C']","['H', 'H']",[],-140,1,-140,,
7_From_Review_461,['C'],"['N', 'C']","['C', 'F', 'C']","['C', 'H', 'C', 'H']","['H', 'H']",[],-87,1,-87,,
0_From_Review_462,['C'],"['C', 'C']","['C', 'H', 'C', 'H']","['N', 'H', 'N', 'F']",[],[],-99,1,-99,,
6_From_Review_462,['C'],"['N', 'C']","['C', 'C', 'H']","['C', 'H', 'F', 'C']","['H', 'H']",[],-63,1,-63,,
0_From_Review_463,['C'],"['C', 'C']","['C', 'H', 'N', 'H']","['C', 'H', 'C']","['F', 'F']",[],-134,1,-134,,
5_From_Review_463,['C'],"['C', 'N']","['C', 'H', 'C']","['C', 'H', 'C', 'H']","['F', 'F']",[],-73,1,-73,,
0_From_Review_464,['C'],"['C', 'N']","['C', 'H', 'C']","['C', 'H', 'C', 'F']","['H', 'H']",[],-70,1,-70,,
6_From_Review_464,['C'],"['C', 'N']","['C', 'H', 'C']","['C', 'H', 'F', 'C']","['H', 'H']",[],-70,1,-70,,
0_From_Review_465,['C'],"['C', 'N']","['C', 'H', 'C']","['F', 'C', 'C', 'F']","['F', 'F']",[],-69,1,-69,,
4_From_Review_465,['C'],"['C', 'C']","['C', 'H', 'F', 'C']","['F', 'N', 'F', 'N']",[],[],-116,1,-116,,
6_From_Review_465,['C'],"['C', 'C']","['C', 'F', 'F', 'N']","['C', 'H', 'C']","['F', 'F']",[],-170,1,-170,,
8_From_Review_465,['C'],"['C', 'N']","['C', 'F', 'C']","['C', 'F', 'F', 'C']","['H', 'H']",[],-84,1,-84,,
0_From_Review_466,['C'],"['C', 'C']","['N', 'H', 'C', 'H']","['C', 'C', 'F']","['H', 'H']",[],-125,1,-125,,
6_From_Review_466,['C'],"['C', 'C']","['N', 'H', 'C', 'H']","['C', 'F', 'C']","['H', 'H']",[],-126,1,-126,,
0_From_Review_467,['C'],"['C', 'C']","['C', 'H', 'C', 'F']","['N', 'H', 'N', 'F']",[],[],-123,1,-123,,
6_From_Review_467,['C'],"['N', 'C']","['C', 'F', 'C']","['C', 'H', 'F', 'C']","['H', 'H']",[],-83,1,-83,,
8_From_Review_467,['C'],"['C', 'C']","['N', 'F', 'F', 'C']","['C', 'C', 'H']","['H', 'H']",[],-165,1,-165,,
0_From_Review_468,['C'],"['C', 'C']","['N', 'H', 'C', 'H']","['C', 'C', 'F']","['F', 'F']",[],-129,1,-129,,
5_From_Review_468,['C'],"['N', 'C']","['C', 'F', 'C']","['C', 'H', 'C', 'H']","['F', 'F']",[],-91,1,-91,,
7_From_Review_468,['C'],"['C', 'C']","['N', 'F', 'C', 'H']","['C', 'F', 'C']","['H', 'H']",[],-136,1,-136,,
0_From_Review_469,['C'],"['C', 'N']","['C', 'H', 'C']","['C', 'H', 'C', 'F']","['F', 'F']",[],-73,1,-73,,
5_From_Review_469,['C'],"['C', 'C']","['C', 'H', 'F', 'N']","['C', 'H', 'C']","['F', 'F']",[],-147,1,-147,,
7_From_Review_469,['C'],"['C', 'N']","['C', 'F', 'C']","['C', 'H', 'F', 'C']","['H', 'H']",[],-86,1,-86,,
0_From_Review_470,['C'],"['C', 'C']","['C', 'H', 'C', 'H']","['F', 'N', 'N', 'F']",[],[],-95,1,-95,,
4_From_Review_470,['C'],"['C', 'N']","['C', 'H', 'C']","['F', 'C', 'F', 'C']","['H', 'H']",[],-65,1,-65,,
7_From_Review_470,['C'],"['N', 'C']","['C', 'C', 'H']","['C', 'F', 'F', 'C']","['H', 'H']",[],-65,1,-65,,
0_From_Review_471,['C'],"['C', 'C']","['N', 'H', 'C', 'F']","['C', 'C', 'F']","['H', 'H']",[],-146,1,-146,,
6_From_Review_471,['C'],"['C', 'C']","['N', 'H', 'F', 'C']","['C', 'F', 'C']","['H', 'H']",[],-146,1,-146,,
8_From_Review_471,['C'],"['C', 'C']","['C', 'F', 'F', 'C']","['N', 'H', 'N', 'H']",[],[],-148,1,-148,,
0_From_Review_472,['C'],"['C', 'C']","['N', 'H', 'C', 'F']","['C', 'C', 'F']","['F', 'F']",[],-150,1,-150,,
5_From_Review_472,['C'],"['N', 'C']","['C', 'F', 'C']","['C', 'H', 'F', 'C']","['F', 'F']",[],-83,1,-83,,
7_From_Review_472,['C'],"['C', 'C']","['N', 'F', 'F', 'C']","['C', 'F', 'C']","['H', 'H']",[],-158,1,-158,,
9_From_Review_472,['C'],"['C', 'C']","['C', 'F', 'F', 'C']","['N', 'F', 'N', 'H']",[],[],-141,1,-141,,
0_From_Review_473,['C'],"['C', 'C']","['C', 'H', 'N', 'F']","['F', 'C', 'C']","['F', 'F']",[],-141,1,-141,,
4_From_Review_473,['C'],"['C', 'C']","['C', 'H', 'F', 'N']","['F', 'C', 'C']","['F', 'F']",[],-141,1,-141,,
6_From_Review_473,['C'],"['C', 'N']","['C', 'F', 'C']","['C', 'H', 'F', 'C']","['F', 'F']",[],-93,1,-93,,
9_From_Review_473,['C'],"['N', 'C']","['C', 'F', 'C']","['C', 'F', 'C', 'H']","['F', 'F']",[],-93,1,-93,,
0_From_Review_474,['C'],"['N', 'C']","['C', 'C', 'F']","['F', 'C', 'C', 'F']","['F', 'F']",[],-88,1,-88,,
4_From_Review_474,['C'],"['N', 'C']","['C', 'F', 'C']","['F', 'C', 'F', 'C']","['F', 'F']",[],-88,1,-88,,
6_From_Review_474,['C'],"['C', 'C']","['N', 'F', 'F', 'C']","['C', 'F', 'C']","['F', 'F']",[],-162,1,-162,,
8_From_Review_474,['C'],"['C', 'C']","['C', 'F', 'F', 'C']","['N', 'F', 'F', 'N']",[],[],-134,1,-134,,
10_From_Review_474,['C'],"['C', 'C']","['C', 'F', 'F', 'N']","['C', 'F', 'C']","['F', 'F']",[],-162,1,-162,,
0_From_Review_475,['C'],"['N', 'C']","['C', 'C', 'F']","['F', 'C', 'C', 'Cl']","['F', 'F']",[],-88,1,-88,,
4_From_Review_475,['C'],"['N', 'C']","['C', 'F', 'C']","['F', 'C', 'Cl', 'C']","['F', 'F']",[],-88,1,-88,,
6_From_Review_475,['C'],"['C', 'C']","['N', 'F', 'Cl', 'C']","['C', 'F', 'C']","['F', 'F']",[],-141,1,-141,,
10_From_Review_475,['C'],"['C', 'C']","['C', 'Cl', 'F', 'N']","['C', 'F', 'C']","['F', 'F']",[],-141,1,-141,,
0_From_Review_476,['C'],"['N', 'C']","['C', 'C', 'F']","['F', 'C', 'C', 'Br']","['F', 'F']",[],-88,1,-88,,
4_From_Review_476,['C'],"['N', 'C']","['C', 'F', 'C']","['F', 'C', 'Br', 'C']","['F', 'F']",[],-88,1,-88,,
6_From_Review_476,['C'],"['C', 'C']","['N', 'F', 'Br', 'C']","['C', 'F', 'C']","['F', 'F']",[],-125,1,-125,,
10_From_Review_476,['C'],"['C', 'C']","['C', 'Br', 'F', 'N']","['C', 'F', 'C']","['F', 'F']",[],-125,1,-125,,
0_From_Review_477,['C'],"['C', 'C']","['C', 'H', 'O', 'F']","['O', 'H', 'C']","['C', 'C', 'H']","['F', 'C', 'C', 'H']",-188,1,-188,,
6_From_Review_477,['C'],"['O', 'C']","['C', 'F', 'C']","['C', 'H', 'C', 'H']","['C', 'H', 'O', 'H']","['F', 'C', 'C']",-130,1,-130,,
0_From_Review_478,['C'],"['C', 'O']","['C', 'H', 'C']","['C', 'H', 'C', 'F']","['F', 'O', 'C', 'H']","['C', 'C', 'H']",-123,1,-123,,
5_From_Review_478,['C'],"['C', 'O']","['C', 'H', 'C']","['C', 'H', 'F', 'C']","['F', 'O', 'C', 'H']","['C', 'C', 'H']",-123,1,-123,,
0_From_Review_479,['C'],"['C', 'C']","['O', 'H', 'C', 'F']","['C', 'O', 'H']","['C', 'H', 'C']","['F', 'C', 'C', 'H']",-182,1,-182,,
6_From_Review_479,['C'],"['C', 'C']","['O', 'H', 'F', 'C']","['C', 'O', 'H']","['C', 'H', 'C']","['F', 'C', 'C', 'H']",-182,1,-182,,
0_From_Review_480,['C'],"['C', 'C']","['O', 'H', 'C', 'F']","['C', 'O', 'F']","['F', 'C', 'C']","['F', 'C', 'C', 'H']",-171,1,-171,,
5_From_Review_480,['C'],"['O', 'C']","['C', 'F', 'C']","['C', 'H', 'F', 'C']","['F', 'C', 'O', 'H']","['C', 'F', 'C']",-122,1,-122,,-122
7_From_Review_480,['C'],"['C', 'C']","['O', 'F', 'F', 'C']","['C', 'O', 'H']","['C', 'H', 'C']","['F', 'C', 'F', 'C']",-195,1,-195,,
0_From_Review_481,['C'],"['O', 'C']","['C', 'C', 'F']","['F', 'C', 'C', 'F']","['F', 'C', 'O', 'F']","['F', 'C', 'C']",-137,1,-137,,
4_From_Review_481,['C'],"['O', 'C']","['C', 'F', 'C']","['F', 'C', 'F', 'C']","['C', 'F', 'F', 'O']","['C', 'F', 'C']",-137,1,-137,,
6_From_Review_481,['C'],"['C', 'C']","['O', 'F', 'F', 'C']","['C', 'F', 'O']","['F', 'C', 'C']","['C', 'F', 'F', 'C']",-196,1,-196,,
8_From_Review_481,['C'],"['C', 'C']","['C', 'F', 'F', 'O']","['O', 'F', 'C']","['C', 'F', 'C']","['F', 'C', 'F', 'C']",-196,1,-196,,
0_From_Review_482,['C'],"['S', 'C']","['C', 'C', 'F']","['F', 'C', 'C', 'F']","['F', 'C', 'S', 'F']","['F', 'C', 'C']",-165,1,-165,,
4_From_Review_482,['C'],"['S', 'C']","['C', 'F', 'C']","['F', 'C', 'F', 'C']","['C', 'F', 'F', 'S']","['C', 'F', 'C']",-165,1,-165,,
6_From_Review_482,['C'],"['C', 'C']","['S', 'F', 'F', 'C']","['C', 'F', 'S']","['F', 'C', 'C']","['C', 'F', 'F', 'C']",-156,1,-156,,
8_From_Review_482,['C'],"['C', 'C']","['C', 'F', 'F', 'S']","['S', 'F', 'C']","['C', 'F', 'C']","['F', 'C', 'F', 'C']",-156,1,-156,,
0_From_Review_483,['C'],"['C', 'C']","['N', 'H', 'N', 'H']","['C', 'C']","['F', 'F']",[],-141,1,-141,,
5_From_Review_484,['C'],"['C', 'C']","['N', 'H', 'F', 'N']","['C', 'C']","['F', 'F']",[],-155,1,-155,,
7_From_Review_484,['C'],"['C', 'N']","['C', 'F', 'C']","['N', 'H', 'F', 'N']",[],[],-72,1,-72,,
4_From_Review_485,['C'],"['N', 'C']","['C', 'F', 'C']","['F', 'N', 'F', 'N']",[],[],-69,1,-69,,
6_From_Review_485,['C'],"['C', 'C']","['N', 'F', 'F', 'N']","['C', 'C']","['F', 'F']",[],-171,1,-171,,
8_From_Review_485,['C'],"['C', 'N']","['C', 'F', 'C']","['N', 'F', 'F', 'N']",[],[],-69,1,-69,,
,,,,,,,,MAX,-63,-68,-88
,,,,,,,,MIN,-196,-205,-141
,,,,,,,,MEAN,-136.3818033,-128.4408824,-122.8571429
,,,,,,,,COUNT,183,102,7